product_key,product_no,product_description,product_category,abc_class,store_count,critical_items,high_risk_items,excess_stock_items,inventory_value_at_risk,risk_items
40,PROD-100805,PROD-102578 SEG-500351 Scholar Footwear Flight Classic Zephyr,Scholar Footwear Flight Classic,A,40,5,13,3,1275.11,18
276,PROD-140870,PROD-100438 SEG-500064 Scholar Footwear Boot Collection Woodland,Scholar Footwear Boot Collection,A,40,2,11,15,975.66,13
275,PROD-140869,PROD-100437 SEG-500064 Scholar Footwear Boot Collection Woodland,Scholar Footwear Boot Collection,A,40,5,10,9,871.22,15
274,PROD-140868,PROD-100436 SEG-500064 Scholar Footwear Boot Collection Woodland,Scholar Footwear Boot Collection,A,40,7,10,6,827.01,17
1538,PROD-170323,PROD-113874 SEG-502503 Scholar Footwear Retro Legend Summit,Scholar Footwear Retro Legend,A,40,2,11,1,809.5999999999999,13
38,PROD-100803,PROD-102577 SEG-500351 Scholar Footwear Flight Classic Zephyr,Scholar Footwear Flight Classic,A,40,5,6,14,728.79,11
1539,PROD-170324,PROD-113877 SEG-502503 Scholar Footwear Retro Legend Summit,Scholar Footwear Retro Legend,A,40,1,8,1,647.68,9
283,PROD-140877,PROD-100420 SEG-500063 Scholar Footwear Boot Collection Woodland,Scholar Footwear Boot Collection,A,40,1,13,14,607.2,14
37,PROD-100802,PROD-102574 SEG-500351 Scholar Footwear Flight Classic Zephyr,Scholar Footwear Flight Classic,A,40,25,12,0,500.79,37
1931,PROD-176439,PROD-178970 SEG-518011 Femme Footwear Trailblazer Varied,Femme Footwear Trailblazer,B,24,8,0,0,497.96,8
1254,PROD-168476,PROD-189908 SEG-520646 Femme Footwear Boot Collection Plushfoot,Femme Footwear Boot Collection,A,18,0,7,1,493.5,7
64,PROD-103740,PROD-152514 SEG-512312 Scholar Footwear Court Casual Zephyr,Scholar Footwear Court Casual,A,40,0,10,9,465.5,10
1165,PROD-166368,PROD-102546 SEG-500347 Scholar Footwear Trailblazer Equilibrium,Scholar Footwear Trailblazer,A,40,16,7,9,423.65,23
35,PROD-100800,PROD-102572 SEG-500351 Scholar Footwear Flight Classic Zephyr,Scholar Footwear Flight Classic,A,40,8,7,20,409.87,15
36,PROD-100801,PROD-102575 SEG-500351 Scholar Footwear Flight Classic Zephyr,Scholar Footwear Flight Classic,A,40,17,9,5,409.84000000000003,26
850,PROD-160848,PROD-137722 SEG-508583 Heritage Footwear Retro Legend Summit,Scholar Footwear Retro Legend,A,36,1,6,4,400.4,7
307,PROD-143188,PROD-102487 SEG-500343 Scholar Footwear Trailblazer Equilibrium,Scholar Footwear Trailblazer,A,40,0,8,12,400.4,8
2161,PROD-183483,PROD-114650 SEG-502564 Heritage Footwear Retro Legend Summit,Scholar Footwear Retro Legend,A,16,1,5,0,392.15000000000003,6
298,PROD-142514,PROD-187473 SEG-520100 Newborn Footwear Boot Collection Plushfoot,Scholar Footwear Boot Collection,A,20,0,8,4,376.0,8
1979,PROD-178802,PROD-141520 SEG-509388 Scholar Footwear Hardcourt Zephyr,Scholar Footwear Hardcourt,A,39,0,4,6,374.44,4
2305,PROD-193597,PROD-137895 SEG-508606 Scholar Footwear Modern Legend Summit,Scholar Footwear Modern Legend,A,40,0,5,3,354.20000000000005,5
284,PROD-140878,PROD-100421 SEG-500063 Scholar Footwear Boot Collection Woodland,Scholar Footwear Boot Collection,A,40,1,8,12,354.2,9
306,PROD-143187,PROD-102486 SEG-500343 Scholar Footwear Trailblazer Equilibrium,Scholar Footwear Trailblazer,A,40,0,7,13,350.34999999999997,7
308,PROD-143189,PROD-102488 SEG-500343 Scholar Footwear Trailblazer Equilibrium,Scholar Footwear Trailblazer,A,40,0,7,7,350.34999999999997,7
249,PROD-139510,PROD-118203 SEG-503268 Scholar Footwear Retro Legend Summit,Scholar Footwear Retro Legend,A,17,1,6,2,350.34999999999997,7
162,PROD-124436,PROD-154331 SEG-512711 Femme Footwear Trailblazer Zephyr,Femme Footwear Trailblazer,A,40,1,4,12,344.87,5
273,PROD-140867,PROD-100435 SEG-500064 Scholar Footwear Boot Collection Woodland,Scholar Footwear Boot Collection,A,40,10,5,6,329.37,15
277,PROD-140871,PROD-100439 SEG-500064 Scholar Footwear Boot Collection Woodland,Scholar Footwear Boot Collection,A,40,4,4,15,324.14,8
1540,PROD-170325,PROD-113876 SEG-502503 Scholar Footwear Retro Legend Summit,Scholar Footwear Retro Legend,A,40,0,4,2,323.84,4
1547,PROD-170332,PROD-114250 SEG-502530 Scholar Footwear Retro Legend Summit,Scholar Footwear Retro Legend,A,34,0,4,0,323.84,4
848,PROD-160846,PROD-137720 SEG-508583 Heritage Footwear Retro Legend Summit,Scholar Footwear Retro Legend,A,33,0,4,7,320.32,4
39,PROD-100804,PROD-102576 SEG-500351 Scholar Footwear Flight Classic Zephyr,Scholar Footwear Flight Classic,A,40,2,7,12,318.78000000000003,9
34,PROD-100799,PROD-102573 SEG-500351 Scholar Footwear Flight Classic Zephyr,Scholar Footwear Flight Classic,A,40,7,7,17,318.76,14
2116,PROD-181825,PROD-152164 SEG-512251 Scholar Footwear Flight Classic Zephyr,Scholar Footwear Flight Classic,A,40,0,6,3,303.6,6
2312,PROD-193604,PROD-112674 SEG-502397 Scholar Footwear Modern Legend Summit,Scholar Footwear Modern Legend,A,40,0,5,6,303.6,5
285,PROD-140879,PROD-100422 SEG-500063 Scholar Footwear Boot Collection Woodland,Scholar Footwear Boot Collection,A,40,0,6,20,303.6,6
1825,PROD-175394,PROD-112422 SEG-502372 Scholar Footwear Modern Legend Summit,Scholar Footwear Modern Legend,A,40,1,5,1,303.6,6
297,PROD-142513,PROD-187472 SEG-520100 Newborn Footwear Boot Collection Plushfoot,Scholar Footwear Boot Collection,A,17,0,6,2,282.0,6
301,PROD-142517,PROD-139425 SEG-508939 Scholar Footwear Boot Collection Plushfoot,Scholar Footwear Boot Collection,A,18,0,6,4,282.0,6
63,PROD-103739,PROD-152512 SEG-512312 Scholar Footwear Court Casual Zephyr,Scholar Footwear Court Casual,A,40,0,6,6,279.29999999999995,6
62,PROD-103738,PROD-152513 SEG-512312 Scholar Footwear Court Casual Zephyr,Scholar Footwear Court Casual,A,40,0,6,4,279.29999999999995,6
266,PROD-139864,PROD-100446 SEG-500065 Scholar Footwear Trailblazer Equilibrium,Scholar Footwear Trailblazer,A,40,15,5,5,259.37,20
1921,PROD-176344,PROD-152439 SEG-512297 Scholar Footwear Court Casual Zephyr,Scholar Footwear Court Casual,A,40,1,7,2,258.05,8
116,PROD-118971,PROD-138472 SEG-508729 Scholar Footwear Modern Legend Summit,Scholar Footwear Modern Legend,A,40,12,2,9,255.60999999999999,14
281,PROD-140875,PROD-100418 SEG-500063 Scholar Footwear Boot Collection Woodland,Scholar Footwear Boot Collection,A,40,0,5,13,253.0,5
1793,PROD-175320,PROD-114258 SEG-502531 Scholar Footwear Retro Legend Summit,Scholar Footwear Retro Legend,A,40,2,3,1,250.46999999999997,5
305,PROD-143186,PROD-102485 SEG-500343 Scholar Footwear Trailblazer Equilibrium,Scholar Footwear Trailblazer,A,40,0,5,12,250.25,5
94,PROD-112073,PROD-103308 SEG-500452 Scholar Footwear Boot Collection Plushfoot,Scholar Footwear Boot Collection,A,20,9,6,1,247.26000000000002,15
1546,PROD-170331,PROD-114247 SEG-502530 Scholar Footwear Retro Legend Summit,Scholar Footwear Retro Legend,A,34,0,3,2,242.88,3
836,PROD-160818,PROD-166162 SEG-515580 Scholar Footwear Modern Legend Summit,Scholar Footwear Modern Legend,A,36,0,4,7,240.24,4
880,PROD-160898,PROD-137060 SEG-508385 Scholar Footwear Retro Legend Summit,Scholar Footwear Retro Legend,A,12,1,4,2,240.24,5
345,PROD-145916,PROD-174380 SEG-517032 Femme Footwear Trailblazer Zephyr,Femme Footwear Trailblazer,A,35,0,3,8,240.24,3
1283,PROD-168643,PROD-187459 SEG-520099 Scholar Footwear Boot Collection Plushfoot,Scholar Footwear Boot Collection,A,17,0,5,3,235.0,5
1786,PROD-175313,PROD-113756 SEG-502494 Scholar Footwear Retro Legend Summit,Scholar Footwear Retro Legend,A,28,11,3,3,233.15,14
1914,PROD-176337,PROD-111483 SEG-502269 Scholar Footwear Flight Classic Zephyr,Scholar Footwear Flight Classic,A,40,1,6,3,227.7,7
1852,PROD-175761,PROD-114003 SEG-502512 Femme Footwear Retro Legend Summit,Femme Footwear Retro Legend,A,15,0,2,0,222.64,2
2168,PROD-183509,PROD-112527 SEG-502382 Scholar Footwear Modern Legend Summit,Scholar Footwear Modern Legend,A,37,0,4,0,222.64,4
1854,PROD-175763,PROD-113994 SEG-502512 Femme Footwear Retro Legend Summit,Femme Footwear Retro Legend,A,15,1,3,0,222.64,4
2219,PROD-184562,PROD-114119 SEG-502518 Femme Footwear Retro Legend Summit,Femme Footwear Retro Legend,A,40,1,3,0,222.64,4
1571,PROD-170520,PROD-179884 SEG-518117 Scholar Footwear Trailblazer Swift Run,Scholar Footwear Trailblazer,A,40,0,5,3,217.8,5
71,PROD-105451,PROD-138055 SEG-508657 Scholar Footwear Modern Legend Summit,Scholar Footwear Modern Legend,A,40,0,3,1,213.99,3
1555,PROD-170373,PROD-111909 SEG-502319 Scholar Footwear Retro Legend Summit,Scholar Footwear Retro Legend,A,21,0,3,1,212.52,3
247,PROD-139508,PROD-118201 SEG-503268 Scholar Footwear Retro Legend Summit,Scholar Footwear Retro Legend,B,20,0,3,2,210.20999999999998,3
1194,PROD-167641,PROD-149328 SEG-511442 Scholar Footwear Trailblazer Equilibrium,Scholar Footwear Trailblazer,A,40,0,4,2,209.28,4
279,PROD-140873,PROD-100416 SEG-500063 Scholar Footwear Boot Collection Woodland,Scholar Footwear Boot Collection,A,40,0,4,2,202.4,4
2178,PROD-183547,PROD-138279 SEG-508703 Scholar Footwear Modern Legend Summit,Scholar Footwear Modern Legend,A,40,7,3,1,196.4,10
259,PROD-139833,PROD-138302 SEG-508706 Scholar Footwear Modern Legend Summit,Scholar Footwear Modern Legend,A,40,5,3,13,196.16,8
300,PROD-142516,PROD-139424 SEG-508939 Scholar Footwear Boot Collection Plushfoot,Scholar Footwear Boot Collection,A,18,0,4,2,188.0,4
2311,PROD-193603,PROD-112675 SEG-502397 Scholar Footwear Modern Legend Summit,Scholar Footwear Modern Legend,A,40,2,5,4,182.16,7
2309,PROD-193601,PROD-112673 SEG-502397 Scholar Footwear Modern Legend Summit,Scholar Footwear Modern Legend,A,40,0,3,3,182.16,3
1844,PROD-175426,PROD-112098 SEG-502337 Scholar Footwear Modern Legend Summit,Scholar Footwear Modern Legend,A,40,0,4,8,182.16,4
1823,PROD-175392,PROD-112420 SEG-502372 Scholar Footwear Modern Legend Summit,Scholar Footwear Modern Legend,A,40,0,3,5,182.16,3
1824,PROD-175393,PROD-112418 SEG-502372 Scholar Footwear Modern Legend Summit,Scholar Footwear Modern Legend,A,40,0,2,3,182.16,2
1821,PROD-175390,PROD-112417 SEG-502372 Scholar Footwear Modern Legend Summit,Scholar Footwear Modern Legend,A,40,0,3,3,182.16,3
1512,PROD-170045,PROD-173719 SEG-516943 Scholar Footwear Hardcourt Zephyr,Scholar Footwear Hardcourt,A,19,0,2,7,182.16,2
87,PROD-110208,PROD-124806 SEG-505212 Femme Footwear Boot Collection Plushfoot,Femme Footwear Boot Collection,A,13,1,1,0,181.32,2
2147,PROD-183451,PROD-114074 SEG-502516 Heritage Footwear Retro Legend Summit,Scholar Footwear Retro Legend,A,40,23,1,0,180.54999999999995,24
729,PROD-159591,PROD-174056 SEG-516987 Scholar Footwear Court Casual Zephyr,Scholar Footwear Court Casual,A,39,0,4,11,180.16,4
30,PROD-100454,PROD-100830 SEG-500112 Heritage Footwear Flight Classic Zephyr,Femme Footwear Flight Classic,A,40,0,3,12,175.78,3
1568,PROD-170517,PROD-179881 SEG-518117 Scholar Footwear Trailblazer Swift Run,Scholar Footwear Trailblazer,A,40,0,4,7,174.24,4
1270,PROD-168539,PROD-187338 SEG-520074 Femme Footwear Boot Collection Plushfoot,Femme Footwear Boot Collection,A,19,7,3,2,173.92,10
1264,PROD-168533,PROD-187332 SEG-520073 Femme Footwear Boot Collection Plushfoot,Femme Footwear Boot Collection,A,17,8,3,3,173.66,11
160,PROD-124434,PROD-154329 SEG-512711 Femme Footwear Trailblazer Zephyr,Femme Footwear Trailblazer,A,40,0,2,17,172.04,2
159,PROD-124433,PROD-154328 SEG-512711 Femme Footwear Trailblazer Zephyr,Femme Footwear Trailblazer,A,40,0,2,16,172.04,2
163,PROD-124437,PROD-154332 SEG-512711 Femme Footwear Trailblazer Zephyr,Femme Footwear Trailblazer,A,40,0,2,15,172.03,2
164,PROD-124438,PROD-154322 SEG-512711 Femme Footwear Trailblazer Zephyr,Femme Footwear Trailblazer,A,40,0,2,13,171.99,2
2165,PROD-183505,PROD-112522 SEG-502382 Scholar Footwear Modern Legend Summit,Scholar Footwear Modern Legend,A,36,0,3,1,166.98,3
1399,PROD-169262,PROD-112793 SEG-502409 Heritage Footwear Modern Legend Summit,Scholar Footwear Modern Legend,A,40,0,3,5,166.98,3
1788,PROD-175315,PROD-114252 SEG-502531 Scholar Footwear Retro Legend Summit,Scholar Footwear Retro Legend,A,40,0,2,1,166.98,2
1791,PROD-175318,PROD-114256 SEG-502531 Scholar Footwear Retro Legend Summit,Scholar Footwear Retro Legend,A,40,1,3,2,166.98,4
2166,PROD-183507,PROD-112525 SEG-502382 Scholar Footwear Modern Legend Summit,Scholar Footwear Modern Legend,A,36,0,3,1,166.98,3
2176,PROD-183545,PROD-138276 SEG-508703 Scholar Footwear Modern Legend Summit,Scholar Footwear Modern Legend,A,40,11,3,0,165.73,14
2046,PROD-179242,PROD-148783 SEG-511385 Femme Footwear Trailblazer Equilibrium,Femme Footwear Trailblazer,B,23,0,2,0,165.0,2
2010,PROD-179176,PROD-148922 SEG-511402 Femme Footwear Trailblazer Equilibrium,Femme Footwear Trailblazer,A,40,0,3,5,165.0,3
1753,PROD-173389,PROD-150862 SEG-511852 Scholar Footwear Trailblazer Equilibrium,Scholar Footwear Trailblazer,B,21,1,4,2,163.8,5
11,PROD-100358,PROD-164494 SEG-515310 Femme Footwear Court Casual Zephyr,Femme Footwear Court Casual,A,40,19,3,9,163.43,22
1537,PROD-170322,PROD-113875 SEG-502503 Scholar Footwear Retro Legend Summit,Scholar Footwear Retro Legend,A,40,2,3,4,161.92,5
1535,PROD-170320,PROD-113873 SEG-502503 Scholar Footwear Retro Legend Summit,Scholar Footwear Retro Legend,A,40,0,2,5,161.92,2
1543,PROD-170328,PROD-114246 SEG-502530 Scholar Footwear Retro Legend Summit,Scholar Footwear Retro Legend,A,34,1,3,4,161.92,4
1544,PROD-170329,PROD-114245 SEG-502530 Scholar Footwear Retro Legend Summit,Scholar Footwear Retro Legend,A,35,0,2,0,161.92,2
268,PROD-139866,PROD-100448 SEG-500065 Scholar Footwear Trailblazer Equilibrium,Scholar Footwear Trailblazer,A,40,21,3,6,160.72,24
91,PROD-112027,PROD-103291 SEG-500450 Toddler Footwear Boot Collection Plushfoot,Scholar Footwear Boot Collection,A,18,9,4,1,159.52,13
2228,PROD-184803,PROD-152336 SEG-512271 Scholar Footwear Trailblazer Zephyr,Scholar Footwear Trailblazer,A,40,7,2,1,159.10999999999999,9
873,PROD-160886,PROD-162668 SEG-514978 Scholar Footwear Retro Legend Summit,Scholar Footwear Retro Legend,A,34,26,1,0,157.86,27
2157,PROD-183475,PROD-114407 SEG-502543 Heritage Footwear Retro Legend Summit,Scholar Footwear Retro Legend,A,40,1,2,0,156.86,3
2155,PROD-183473,PROD-114402 SEG-502543 Heritage Footwear Retro Legend Summit,Scholar Footwear Retro Legend,A,40,0,2,3,156.86,2
2156,PROD-183474,PROD-114400 SEG-502543 Heritage Footwear Retro Legend Summit,Scholar Footwear Retro Legend,A,40,1,2,1,156.86,3
2162,PROD-183484,PROD-114648 SEG-502564 Heritage Footwear Retro Legend Summit,Scholar Footwear Retro Legend,A,17,0,2,0,156.86,2
1380,PROD-168880,PROD-148704 SEG-511376 Femme Footwear Trailblazer Equilibrium,Femme Footwear Trailblazer,A,40,5,2,8,155.14999999999998,7
1920,PROD-176343,PROD-152437 SEG-512297 Scholar Footwear Court Casual Zephyr,Scholar Footwear Court Casual,A,40,1,4,2,154.82999999999998,5
1919,PROD-176342,PROD-152438 SEG-512297 Scholar Footwear Court Casual Zephyr,Scholar Footwear Court Casual,A,40,1,3,4,154.82999999999998,4
531,PROD-153625,PROD-148815 SEG-511388 Scholar Footwear Trailblazer Equilibrium,Scholar Footwear Trailblazer,A,29,17,3,1,154.44,20
272,PROD-140866,PROD-100434 SEG-500064 Scholar Footwear Boot Collection Woodland,Scholar Footwear Boot Collection,A,40,5,3,12,152.18,8
282,PROD-140876,PROD-100419 SEG-500063 Scholar Footwear Boot Collection Woodland,Scholar Footwear Boot Collection,A,40,1,4,14,151.8,5
1134,PROD-166167,PROD-148940 SEG-511404 Femme Footwear Trailblazer Equilibrium,Femme Footwear Trailblazer,A,40,1,3,4,150.14999999999998,4
861,PROD-160869,PROD-162732 SEG-514981 Heritage Footwear Retro Legend Summit,Scholar Footwear Retro Legend,A,31,0,2,8,150.14,2
1985,PROD-178980,PROD-115006 SEG-502616 Toddler Footwear Trailblazer Varied,Scholar Footwear Trailblazer,A,40,0,2,1,148.76,2
2179,PROD-183548,PROD-138277 SEG-508703 Scholar Footwear Modern Legend Summit,Scholar Footwear Modern Legend,A,40,9,1,2,146.89,10
1095,PROD-165978,PROD-148984 SEG-511408 Newborn Footwear Trailblazer Varied,Scholar Footwear Trailblazer,B,15,0,4,3,145.6,4
110,PROD-118965,PROD-138467 SEG-508729 Scholar Footwear Modern Legend Summit,Scholar Footwear Modern Legend,A,40,4,1,5,144.65,5
210,PROD-138113,PROD-189914 SEG-520647 Femme Footwear Boot Collection Plushfoot,Femme Footwear Boot Collection,A,18,0,2,2,141.0,2
299,PROD-142515,PROD-139423 SEG-508939 Scholar Footwear Boot Collection Plushfoot,Scholar Footwear Boot Collection,A,17,0,3,4,141.0,3
209,PROD-138112,PROD-189913 SEG-520647 Femme Footwear Boot Collection Plushfoot,Femme Footwear Boot Collection,A,17,1,2,0,140.99,3
248,PROD-139509,PROD-118199 SEG-503268 Scholar Footwear Retro Legend Summit,Scholar Footwear Retro Legend,A,22,0,2,2,140.14,2
61,PROD-103737,PROD-152510 SEG-512312 Scholar Footwear Court Casual Zephyr,Scholar Footwear Court Casual,A,40,0,3,1,139.64999999999998,3
60,PROD-103736,PROD-152511 SEG-512312 Scholar Footwear Court Casual Zephyr,Scholar Footwear Court Casual,A,40,0,3,1,139.64999999999998,3
2135,PROD-181891,PROD-152294 SEG-512268 Scholar Footwear Trailblazer Zephyr,Scholar Footwear Trailblazer,A,40,11,2,5,139.39999999999998,13
215,PROD-138118,PROD-189891 SEG-520643 Femme Footwear Boot Collection Plushfoot,Femme Footwear Boot Collection,A,17,10,2,1,139.13,12
2,PROD-100044,PROD-189473 SEG-520541 Femme Footwear Boot Collection Plushfoot,Femme Footwear Boot Collection,A,16,2,2,0,137.44,4
1501,PROD-170028,PROD-152589 SEG-512318 Scholar Footwear Court Casual Zephyr,Scholar Footwear Court Casual,A,40,1,4,9,136.62,5
2169,PROD-183523,PROD-111953 SEG-502325 Scholar Footwear Modern Legend Summit,Scholar Footwear Modern Legend,B,40,0,3,0,136.62,3
884,PROD-161011,PROD-173799 SEG-516952 Scholar Footwear Flight Classic Zephyr,Scholar Footwear Flight Classic,A,40,1,4,9,135.12,5
761,PROD-159701,PROD-154004 SEG-512642 Scholar Footwear Trailblazer Zephyr,Scholar Footwear Trailblazer,A,39,24,3,2,134.99,27
1284,PROD-168644,PROD-187460 SEG-520099 Scholar Footwear Boot Collection Plushfoot,Scholar Footwear Boot Collection,A,18,3,5,2,133.95,8
1870,PROD-175942,PROD-153427 SEG-512517 Femme Footwear Court Casual Zephyr,Femme Footwear Court Casual,A,40,0,2,1,131.56,2
1570,PROD-170519,PROD-179883 SEG-518117 Scholar Footwear Trailblazer Swift Run,Scholar Footwear Trailblazer,A,40,0,3,11,130.68,3
1560,PROD-170509,PROD-179932 SEG-518120 Scholar Footwear Trailblazer Swift Run,Scholar Footwear Trailblazer,A,40,0,3,3,130.68,3
1569,PROD-170518,PROD-179882 SEG-518117 Scholar Footwear Trailblazer Swift Run,Scholar Footwear Trailblazer,A,40,1,4,12,130.68,5
2222,PROD-184615,PROD-179917 SEG-518119 Scholar Footwear Trailblazer Swift Run,Scholar Footwear Trailblazer,B,15,1,4,2,130.68,5
261,PROD-139835,PROD-138303 SEG-508706 Scholar Footwear Modern Legend Summit,Scholar Footwear Modern Legend,A,40,12,2,10,129.33,14
258,PROD-139832,PROD-138299 SEG-508706 Scholar Footwear Modern Legend Summit,Scholar Footwear Modern Legend,A,40,6,2,12,128.96,8
2173,PROD-183539,PROD-138258 SEG-508702 Scholar Footwear Modern Legend Summit,Scholar Footwear Modern Legend,A,40,4,2,0,128.41,6
496,PROD-152434,PROD-171774 SEG-516576 Scholar Footwear Hardcourt Zephyr,Scholar Footwear Hardcourt,A,38,28,1,3,127.37,29
384,PROD-147351,PROD-122510 SEG-504591 Scholar Footwear Court Casual Trident,Scholar Footwear Court Casual,A,38,3,3,12,126.48,6
1752,PROD-173388,PROD-150861 SEG-511852 Scholar Footwear Trailblazer Equilibrium,Scholar Footwear Trailblazer,B,20,0,3,1,122.85000000000001,3
260,PROD-139834,PROD-138301 SEG-508706 Scholar Footwear Modern Legend Summit,Scholar Footwear Modern Legend,A,40,6,2,14,121.74,8
1818,PROD-175387,PROD-112410 SEG-502372 Scholar Footwear Modern Legend Summit,Scholar Footwear Modern Legend,B,40,0,2,0,121.44,2
1817,PROD-175378,PROD-113201 SEG-502444 Heritage Footwear Retro Legend Summit,Scholar Footwear Retro Legend,A,40,0,2,3,121.44,2
2313,PROD-193605,PROD-112676 SEG-502397 Scholar Footwear Modern Legend Summit,Scholar Footwear Modern Legend,A,40,0,2,3,121.44,2
1829,PROD-175401,PROD-112494 SEG-502380 Scholar Footwear Modern Legend Summit,Scholar Footwear Modern Legend,A,40,0,2,1,121.44,2
438,PROD-152028,PROD-166155 SEG-515579 Scholar Footwear Modern Legend Summit,Scholar Footwear Modern Legend,A,22,1,3,10,120.12,4
253,PROD-139797,PROD-166102 SEG-515573 Scholar Footwear Modern Legend Summit,Scholar Footwear Modern Legend,A,35,0,2,2,120.12,2
449,PROD-152060,PROD-166080 SEG-515569 Scholar Footwear Modern Legend Summit,Scholar Footwear Modern Legend,B,39,0,2,6,120.12,2
80,PROD-106602,PROD-100688 SEG-500095 Scholar Footwear Trailblazer Equilibrium,Scholar Footwear Trailblazer,A,28,0,2,6,118.3,2
1275,PROD-168545,PROD-187360 SEG-520078 Femme Footwear Boot Collection Plushfoot,Femme Footwear Boot Collection,A,20,6,2,1,117.53,8
1272,PROD-168541,PROD-187334 SEG-520074 Femme Footwear Boot Collection Plushfoot,Femme Footwear Boot Collection,A,19,5,2,5,117.22999999999999,7
8,PROD-100355,PROD-164491 SEG-515310 Femme Footwear Court Casual Zephyr,Femme Footwear Court Casual,A,40,20,2,12,117.17999999999999,22
1271,PROD-168540,PROD-187339 SEG-520074 Femme Footwear Boot Collection Plushfoot,Femme Footwear Boot Collection,A,17,4,2,8,117.02,6
25,PROD-100449,PROD-100825 SEG-500112 Heritage Footwear Flight Classic Zephyr,Femme Footwear Flight Classic,A,40,2,2,24,116.53,4
1939,PROD-176510,PROD-114712 SEG-502575 Scholar Footwear Modern Legend Summit,Scholar Footwear Modern Legend,A,40,0,2,5,116.38,2
1938,PROD-176506,PROD-114709 SEG-502575 Scholar Footwear Modern Legend Summit,Scholar Footwear Modern Legend,B,40,0,2,4,116.38,2
26,PROD-100450,PROD-100826 SEG-500112 Heritage Footwear Flight Classic Zephyr,Femme Footwear Flight Classic,A,40,3,2,24,116.34,5
28,PROD-100452,PROD-100828 SEG-500112 Heritage Footwear Flight Classic Zephyr,Femme Footwear Flight Classic,A,40,3,2,15,116.05,5
1265,PROD-168534,PROD-187333 SEG-520073 Femme Footwear Boot Collection Plushfoot,Femme Footwear Boot Collection,A,18,9,2,2,115.15,11
507,PROD-152539,PROD-174095 SEG-516991 Femme Footwear Court Casual Zephyr,Femme Footwear Court Casual,B,27,17,2,1,114.98,19
132,PROD-121535,PROD-102951 SEG-500406 Scholar Footwear Court Casual Trident,Scholar Footwear Court Casual,A,40,6,3,20,114.91000000000001,9
131,PROD-121534,PROD-102950 SEG-500406 Scholar Footwear Court Casual Trident,Scholar Footwear Court Casual,A,40,7,3,19,114.50999999999999,10
138,PROD-123291,PROD-102559 SEG-500349 Scholar Footwear Trailblazer Equilibrium,Scholar Footwear Trailblazer,A,40,29,1,3,114.48,30
1209,PROD-167818,PROD-114501 SEG-502552 Scholar Footwear Modern Legend Summit,Scholar Footwear Modern Legend,A,40,1,3,6,111.32,4
1835,PROD-175410,PROD-112476 SEG-502376 Scholar Footwear Modern Legend Summit,Scholar Footwear Modern Legend,A,40,0,2,8,111.32,2
1851,PROD-175760,PROD-114002 SEG-502512 Femme Footwear Retro Legend Summit,Femme Footwear Retro Legend,A,15,0,1,2,111.32,1
1834,PROD-175409,PROD-112472 SEG-502376 Scholar Footwear Modern Legend Summit,Scholar Footwear Modern Legend,A,40,0,2,1,111.32,2
1205,PROD-167814,PROD-114498 SEG-502552 Scholar Footwear Modern Legend Summit,Scholar Footwear Modern Legend,A,40,0,2,4,111.32,2
1853,PROD-175762,PROD-114004 SEG-502512 Femme Footwear Retro Legend Summit,Femme Footwear Retro Legend,A,15,1,2,1,111.32,3
1849,PROD-175758,PROD-114000 SEG-502512 Femme Footwear Retro Legend Summit,Femme Footwear Retro Legend,A,15,0,1,0,111.32,1
1396,PROD-169259,PROD-112788 SEG-502409 Heritage Footwear Modern Legend Summit,Scholar Footwear Modern Legend,A,40,0,2,7,111.32,2
1206,PROD-167815,PROD-114497 SEG-502552 Scholar Footwear Modern Legend Summit,Scholar Footwear Modern Legend,A,40,0,2,14,111.32,2
1208,PROD-167817,PROD-114499 SEG-502552 Scholar Footwear Modern Legend Summit,Scholar Footwear Modern Legend,A,40,0,2,11,111.32,2
1833,PROD-175408,PROD-112474 SEG-502376 Scholar Footwear Modern Legend Summit,Scholar Footwear Modern Legend,A,40,0,2,6,111.32,2
1097,PROD-165980,PROD-148986 SEG-511408 Newborn Footwear Trailblazer Varied,Scholar Footwear Trailblazer,B,16,0,3,2,109.19999999999999,3
1094,PROD-165973,PROD-149004 SEG-511409 Newborn Footwear Trailblazer Varied,Scholar Footwear Trailblazer,B,13,0,3,2,109.19999999999999,3
267,PROD-139865,PROD-100447 SEG-500065 Scholar Footwear Trailblazer Equilibrium,Scholar Footwear Trailblazer,A,40,21,2,4,106.69000000000001,23
1163,PROD-166366,PROD-102544 SEG-500347 Scholar Footwear Trailblazer Equilibrium,Scholar Footwear Trailblazer,A,40,21,2,7,104.72,23
1195,PROD-167642,PROD-149329 SEG-511442 Scholar Footwear Trailblazer Equilibrium,Scholar Footwear Trailblazer,A,40,0,2,3,104.64,2
1196,PROD-167643,PROD-149330 SEG-511442 Scholar Footwear Trailblazer Equilibrium,Scholar Footwear Trailblazer,A,40,0,2,7,104.64,2
2149,PROD-183453,PROD-114077 SEG-502516 Heritage Footwear Retro Legend Summit,Scholar Footwear Retro Legend,A,40,26,0,0,103.90000000000002,26
2070,PROD-181021,PROD-189222 SEG-520483 Femme Footwear Retro Legend Summit,Femme Footwear Retro Legend,B,19,1,1,0,103.73,2
1916,PROD-176339,PROD-152433 SEG-512297 Scholar Footwear Court Casual Zephyr,Scholar Footwear Court Casual,A,40,0,2,0,103.22,2
1917,PROD-176340,PROD-152436 SEG-512297 Scholar Footwear Court Casual Zephyr,Scholar Footwear Court Casual,A,40,0,2,1,103.22,2
265,PROD-139863,PROD-100445 SEG-500065 Scholar Footwear Trailblazer Equilibrium,Scholar Footwear Trailblazer,A,40,19,2,6,102.35,21
2114,PROD-181823,PROD-152162 SEG-512251 Scholar Footwear Flight Classic Zephyr,Scholar Footwear Flight Classic,A,40,1,3,1,101.2,4
1906,PROD-176326,PROD-111681 SEG-502290 Scholar Footwear Flight Classic Zephyr,Scholar Footwear Flight Classic,B,40,0,2,1,101.2,2
2139,PROD-182089,PROD-185955 SEG-519649 Scholar Footwear Boot Collection Woodland,Scholar Footwear Boot Collection,A,32,2,4,1,101.2,6
1909,PROD-176329,PROD-111685 SEG-502290 Scholar Footwear Flight Classic Zephyr,Scholar Footwear Flight Classic,A,40,0,2,6,101.2,2
1488,PROD-170007,PROD-165940 SEG-515549 Scholar Footwear Flight Classic Zephyr,Scholar Footwear Flight Classic,B,40,0,2,1,101.2,2
1781,PROD-175306,PROD-101283 SEG-500163 Scholar Footwear Boot Collection Zephyr,Scholar Footwear Boot Collection,B,7,0,1,3,101.2,1
476,PROD-152177,PROD-108657 SEG-501730 Scholar Footwear Trailblazer Equilibrium,Scholar Footwear Trailblazer,A,36,0,2,11,100.1,2
806,PROD-160694,PROD-173788 SEG-516951 Scholar Footwear Flight Classic Zephyr,Scholar Footwear Flight Classic,A,29,0,2,6,100.1,2
1143,PROD-166176,PROD-148949 SEG-511405 Femme Footwear Trailblazer Equilibrium,Femme Footwear Trailblazer,A,40,1,3,5,100.1,4
1139,PROD-166172,PROD-148945 SEG-511405 Femme Footwear Trailblazer Equilibrium,Femme Footwear Trailblazer,A,40,0,2,12,100.1,2
2140,PROD-182193,PROD-148692 SEG-511374 Scholar Footwear Trailblazer Equilibrium,Scholar Footwear Trailblazer,A,14,0,2,0,100.1,2
325,PROD-144341,PROD-152446 SEG-512298 Scholar Footwear Court Casual Zephyr,Scholar Footwear Court Casual,A,37,0,2,8,100.1,2
137,PROD-123290,PROD-102558 SEG-500349 Scholar Footwear Trailblazer Equilibrium,Scholar Footwear Trailblazer,A,40,28,2,1,99.77,30
2126,PROD-181879,PROD-152308 SEG-512269 Scholar Footwear Trailblazer Zephyr,Scholar Footwear Trailblazer,A,40,11,1,0,97.75,12
2102,PROD-181301,PROD-189281 SEG-520490 Femme Footwear Trailblazer Zephyr,Femme Footwear Trailblazer,B,40,0,1,0,96.14,1
1588,PROD-170558,PROD-116121 SEG-502744 Scholar Footwear Trainer Zephyr,Scholar Footwear Trainer,A,40,0,2,8,96.14,2
1586,PROD-170556,PROD-116119 SEG-502744 Scholar Footwear Trainer Zephyr,Scholar Footwear Trainer,A,40,0,2,5,96.14,2
1804,PROD-175333,PROD-113350 SEG-502458 Heritage Footwear Retro Legend Summit,Scholar Footwear Retro Legend,A,40,2,1,0,96.14,3
1806,PROD-175335,PROD-113355 SEG-502458 Heritage Footwear Retro Legend Summit,Scholar Footwear Retro Legend,A,40,1,1,1,96.14,2
311,PROD-143374,PROD-179673 SEG-518086 Femme Footwear Court Casual Trident,Femme Footwear Court Casual,A,40,0,2,16,95.39,2
798,PROD-160085,PROD-137075 SEG-508387 Femme Footwear Retro Legend Summit,Femme Footwear Retro Legend,B,8,0,1,0,95.09,1
489,PROD-152392,PROD-128713 SEG-506276 Scholar Footwear Court Casual Zephyr,Scholar Footwear Court Casual,A,31,22,2,0,95.0,24
296,PROD-142512,PROD-187471 SEG-520100 Newborn Footwear Boot Collection Plushfoot,Scholar Footwear Boot Collection,A,17,0,2,4,94.0,2
1787,PROD-175314,PROD-113760 SEG-502494 Scholar Footwear Retro Legend Summit,Scholar Footwear Retro Legend,A,27,19,1,2,93.86,20
86,PROD-110207,PROD-124805 SEG-505212 Femme Footwear Boot Collection Plushfoot,Femme Footwear Boot Collection,A,14,3,2,0,93.11,5
1776,PROD-175042,PROD-152486 SEG-512304 Scholar Footwear Court Casual Zephyr,Scholar Footwear Court Casual,A,40,0,2,8,93.1,2
1777,PROD-175043,PROD-152484 SEG-512304 Scholar Footwear Court Casual Zephyr,Scholar Footwear Court Casual,A,40,0,2,1,93.1,2
59,PROD-103735,PROD-152508 SEG-512312 Scholar Footwear Court Casual Zephyr,Scholar Footwear Court Casual,A,40,0,2,1,93.1,2
1020,PROD-165429,PROD-110122 SEG-502111 Scholar Footwear Court Casual Trident,Scholar Footwear Court Casual,B,40,0,2,2,92.0,2
19,PROD-100436,PROD-164664 SEG-515333 Scholar Footwear Court Casual Zephyr,Scholar Footwear Court Casual,A,40,18,2,16,91.93,20
1913,PROD-176336,PROD-111481 SEG-502269 Scholar Footwear Flight Classic Zephyr,Scholar Footwear Flight Classic,A,40,0,2,5,91.08,2
1911,PROD-176334,PROD-111479 SEG-502269 Scholar Footwear Flight Classic Zephyr,Scholar Footwear Flight Classic,A,40,0,2,0,91.08,2
1498,PROD-170025,PROD-152585 SEG-512318 Scholar Footwear Court Casual Zephyr,Scholar Footwear Court Casual,A,40,0,2,2,91.08,2
1843,PROD-175425,PROD-112094 SEG-502337 Scholar Footwear Modern Legend Summit,Scholar Footwear Modern Legend,A,40,0,2,5,91.08,2
2170,PROD-183524,PROD-111952 SEG-502325 Scholar Footwear Modern Legend Summit,Scholar Footwear Modern Legend,A,40,0,2,1,91.08,2
727,PROD-159589,PROD-174055 SEG-516987 Scholar Footwear Court Casual Zephyr,Scholar Footwear Court Casual,A,32,0,2,4,90.08,2
684,PROD-158683,PROD-188035 SEG-520264 Femme Footwear Trailblazer Zephyr,Femme Footwear Trailblazer,A,32,0,2,1,90.08,2
677,PROD-158675,PROD-188088 SEG-520269 Femme Footwear Trailblazer Zephyr,Femme Footwear Trailblazer,A,27,0,2,2,90.08,2
728,PROD-159590,PROD-174054 SEG-516987 Scholar Footwear Court Casual Zephyr,Scholar Footwear Court Casual,A,34,1,3,6,90.08,4
811,PROD-160709,PROD-188563 SEG-520369 Scholar Footwear Trailblazer Zephyr,Scholar Footwear Trailblazer,A,39,17,0,2,88.57,17
2003,PROD-179167,PROD-148798 SEG-511387 Femme Footwear Trailblazer Equilibrium,Femme Footwear Trailblazer,A,19,11,1,2,87.8,12
1576,PROD-170526,PROD-179949 SEG-518121 Scholar Footwear Trailblazer Swift Run,Scholar Footwear Trailblazer,A,40,0,2,9,87.12,2
2223,PROD-184616,PROD-179918 SEG-518119 Scholar Footwear Trailblazer Swift Run,Scholar Footwear Trailblazer,B,14,0,2,0,87.12,2
2221,PROD-184614,PROD-179916 SEG-518119 Scholar Footwear Trailblazer Swift Run,Scholar Footwear Trailblazer,B,14,0,2,0,87.12,2
1577,PROD-170527,PROD-179950 SEG-518121 Scholar Footwear Trailblazer Swift Run,Scholar Footwear Trailblazer,A,40,0,2,8,87.12,2
1578,PROD-170528,PROD-179951 SEG-518121 Scholar Footwear Trailblazer Swift Run,Scholar Footwear Trailblazer,A,40,0,2,10,87.12,2
1561,PROD-170510,PROD-179933 SEG-518120 Scholar Footwear Trailblazer Swift Run,Scholar Footwear Trailblazer,A,40,0,2,10,87.12,2
875,PROD-160888,PROD-162671 SEG-514978 Scholar Footwear Retro Legend Summit,Scholar Footwear Retro Legend,A,33,25,0,0,86.45000000000002,25
161,PROD-124435,PROD-154330 SEG-512711 Femme Footwear Trailblazer Zephyr,Femme Footwear Trailblazer,A,40,0,1,18,85.99,1
594,PROD-156278,PROD-188071 SEG-520267 Femme Footwear Trailblazer Zephyr,Femme Footwear Trailblazer,A,34,22,2,2,85.3,24
2052,PROD-179264,PROD-148787 SEG-511386 Femme Footwear Trailblazer Equilibrium,Femme Footwear Trailblazer,A,40,0,1,5,85.25,1
293,PROD-141938,PROD-122553 SEG-504595 Scholar Footwear Court Casual Trident,Scholar Footwear Court Casual,A,39,28,2,1,85.01,30
480,PROD-152223,PROD-149104 SEG-511422 Scholar Footwear Trailblazer Equilibrium,Scholar Footwear Trailblazer,A,40,0,1,25,84.6,1
385,PROD-147352,PROD-122511 SEG-504591 Scholar Footwear Court Casual Trident,Scholar Footwear Court Casual,A,39,3,2,16,84.03999999999999,5
1790,PROD-175317,PROD-114253 SEG-502531 Scholar Footwear Retro Legend Summit,Scholar Footwear Retro Legend,A,40,1,2,0,83.49,3
477,PROD-152220,PROD-149101 SEG-511422 Scholar Footwear Trailblazer Equilibrium,Scholar Footwear Trailblazer,A,40,1,2,5,82.82000000000001,3
2043,PROD-179239,PROD-148780 SEG-511385 Femme Footwear Trailblazer Equilibrium,Femme Footwear Trailblazer,A,40,1,2,11,82.5,3
1997,PROD-179160,PROD-149256 SEG-511436 Femme Footwear Trailblazer Equilibrium,Femme Footwear Trailblazer,A,35,0,1,3,82.5,1
2041,PROD-179237,PROD-148778 SEG-511385 Femme Footwear Trailblazer Equilibrium,Femme Footwear Trailblazer,A,33,0,1,3,82.5,1
2044,PROD-179240,PROD-148781 SEG-511385 Femme Footwear Trailblazer Equilibrium,Femme Footwear Trailblazer,A,37,0,1,1,82.5,1
1995,PROD-179158,PROD-149254 SEG-511436 Femme Footwear Trailblazer Equilibrium,Femme Footwear Trailblazer,A,36,0,1,8,82.5,1
1993,PROD-179156,PROD-149252 SEG-511436 Femme Footwear Trailblazer Equilibrium,Femme Footwear Trailblazer,B,24,0,1,4,82.5,1
840,PROD-160837,PROD-163112 SEG-515001 Scholar Footwear Retro Legend Summit,Scholar Footwear Retro Legend,A,24,18,2,0,82.21,20
1756,PROD-173397,PROD-150879 SEG-511853 Scholar Footwear Trailblazer Equilibrium,Scholar Footwear Trailblazer,A,40,0,2,3,81.9,2
1755,PROD-173396,PROD-150878 SEG-511853 Scholar Footwear Trailblazer Equilibrium,Scholar Footwear Trailblazer,B,40,0,2,0,81.9,2
186,PROD-129495,PROD-102671 SEG-500366 Femme Footwear Trailblazer Zephyr,Femme Footwear Trailblazer,A,40,1,1,2,81.11999999999999,2
1536,PROD-170321,PROD-113872 SEG-502503 Scholar Footwear Retro Legend Summit,Scholar Footwear Retro Legend,A,40,2,2,6,80.96,4
1541,PROD-170326,PROD-113878 SEG-502503 Scholar Footwear Retro Legend Summit,Scholar Footwear Retro Legend,A,40,0,1,1,80.96,1
879,PROD-160897,PROD-137058 SEG-508385 Scholar Footwear Retro Legend Summit,Scholar Footwear Retro Legend,A,10,0,1,2,80.08,1
844,PROD-160842,PROD-137716 SEG-508583 Heritage Footwear Retro Legend Summit,Scholar Footwear Retro Legend,A,26,0,1,4,80.08,1
847,PROD-160845,PROD-137717 SEG-508583 Heritage Footwear Retro Legend Summit,Scholar Footwear Retro Legend,A,37,1,2,9,80.08,3
854,PROD-160853,PROD-163075 SEG-514999 Heritage Footwear Retro Legend Summit,Scholar Footwear Retro Legend,A,40,1,1,12,80.08,2
856,PROD-160855,PROD-163080 SEG-514999 Heritage Footwear Retro Legend Summit,Scholar Footwear Retro Legend,A,40,3,3,4,80.08,6
849,PROD-160847,PROD-137719 SEG-508583 Heritage Footwear Retro Legend Summit,Scholar Footwear Retro Legend,A,36,2,2,4,80.08,4
853,PROD-160852,PROD-163077 SEG-514999 Heritage Footwear Retro Legend Summit,Scholar Footwear Retro Legend,A,40,1,2,0,80.08,3
349,PROD-146000,PROD-190061 SEG-520677 Femme Footwear Trailblazer Zephyr,Femme Footwear Trailblazer,B,13,0,1,0,80.08,1
342,PROD-145913,PROD-174377 SEG-517032 Femme Footwear Trailblazer Zephyr,Femme Footwear Trailblazer,C,18,0,1,1,80.08,1
855,PROD-160854,PROD-163082 SEG-514999 Heritage Footwear Retro Legend Summit,Scholar Footwear Retro Legend,A,40,1,2,5,80.08,3
838,PROD-160835,PROD-163109 SEG-515001 Scholar Footwear Retro Legend Summit,Scholar Footwear Retro Legend,A,24,15,1,0,80.0,16
256,PROD-139830,PROD-138297 SEG-508706 Scholar Footwear Modern Legend Summit,Scholar Footwear Modern Legend,A,40,3,1,10,79.53,4
2226,PROD-184801,PROD-152335 SEG-512271 Scholar Footwear Trailblazer Zephyr,Scholar Footwear Trailblazer,A,40,3,1,1,79.27000000000001,4
2159,PROD-183481,PROD-114647 SEG-502564 Heritage Footwear Retro Legend Summit,Scholar Footwear Retro Legend,A,15,0,1,1,78.43,1
1108,PROD-166122,PROD-148722 SEG-511378 Femme Footwear Trailblazer Equilibrium,Femme Footwear Trailblazer,B,27,1,1,0,78.24000000000001,2
1016,PROD-165287,PROD-179217 SEG-518044 Scholar Footwear Court Casual Trident,Scholar Footwear Court Casual,A,40,0,2,5,78.2,2
1376,PROD-168876,PROD-148700 SEG-511376 Femme Footwear Trailblazer Equilibrium,Femme Footwear Trailblazer,A,40,0,1,5,77.57,1
1519,PROD-170097,PROD-102660 SEG-500365 Scholar Footwear Trailblazer Zephyr,Scholar Footwear Trailblazer,A,40,8,2,13,77.57,10
1379,PROD-168879,PROD-148703 SEG-511376 Femme Footwear Trailblazer Equilibrium,Femme Footwear Trailblazer,A,40,4,1,8,77.55999999999999,5
1381,PROD-168881,PROD-148705 SEG-511376 Femme Footwear Trailblazer Equilibrium,Femme Footwear Trailblazer,A,40,4,1,4,77.53999999999999,5
1383,PROD-168883,PROD-148707 SEG-511376 Femme Footwear Trailblazer Equilibrium,Femme Footwear Trailblazer,B,40,5,1,1,77.53,6
1081,PROD-165954,PROD-102499 SEG-500344 Scholar Footwear Trailblazer Equilibrium,Scholar Footwear Trailblazer,A,38,14,2,0,77.36000000000001,16
1783,PROD-175310,PROD-113755 SEG-502494 Scholar Footwear Retro Legend Summit,Scholar Footwear Retro Legend,A,27,6,1,3,76.95,7
1785,PROD-175312,PROD-113758 SEG-502494 Scholar Footwear Retro Legend Summit,Scholar Footwear Retro Legend,A,27,10,1,8,76.83999999999999,11
114,PROD-118969,PROD-138471 SEG-508729 Scholar Footwear Modern Legend Summit,Scholar Footwear Modern Legend,A,40,3,1,14,75.69000000000001,4
558,PROD-154203,PROD-179580 SEG-518079 Scholar Footwear Court Casual Trident,Scholar Footwear Court Casual,B,25,0,2,12,75.2,2
81,PROD-109992,PROD-187249 SEG-520059 Femme Footwear Boot Collection Plushfoot,Femme Footwear Boot Collection,C,14,0,1,0,75.2,1
864,PROD-160872,PROD-162740 SEG-514981 Heritage Footwear Retro Legend Summit,Scholar Footwear Retro Legend,A,19,0,1,2,75.07,1
863,PROD-160871,PROD-162735 SEG-514981 Heritage Footwear Retro Legend Summit,Scholar Footwear Retro Legend,A,23,0,1,4,75.07,1
789,PROD-159907,PROD-155366 SEG-513122 Scholar Footwear Trailblazer Equilibrium,Scholar Footwear Trailblazer,A,15,2,1,5,75.07,3
1779,PROD-175050,PROD-166383 SEG-515621 Scholar Footwear Trailblazer Zephyr,Scholar Footwear Trailblazer,A,40,1,2,6,74.38,3
1984,PROD-178979,PROD-115010 SEG-502616 Toddler Footwear Trailblazer Varied,Scholar Footwear Trailblazer,A,40,0,1,5,74.38,1
1988,PROD-178983,PROD-115005 SEG-502616 Toddler Footwear Trailblazer Varied,Scholar Footwear Trailblazer,A,40,0,1,1,74.38,1
1034,PROD-165571,PROD-179208 SEG-518043 Scholar Footwear Court Casual Trident,Scholar Footwear Court Casual,A,39,0,2,7,73.6,2
601,PROD-156693,PROD-104012 SEG-500567 Scholar Footwear Trailblazer Equilibrium,Scholar Footwear Trailblazer,B,25,15,0,3,72.81,15
973,PROD-163831,PROD-180107 SEG-518151 Femme Footwear Trailblazer Swift Run,Femme Footwear Trailblazer,B,32,8,1,0,72.11,9
213,PROD-138116,PROD-189889 SEG-520643 Femme Footwear Boot Collection Plushfoot,Femme Footwear Boot Collection,B,17,5,1,0,70.93,6
2324,PROD-194289,PROD-114483 SEG-502549 Scholar Footwear Modern Legend Summit,Scholar Footwear Modern Legend,A,40,0,1,5,70.84,1
2326,PROD-194291,PROD-114484 SEG-502549 Scholar Footwear Modern Legend Summit,Scholar Footwear Modern Legend,A,40,0,1,6,70.84,1
2304,PROD-193596,PROD-137891 SEG-508606 Scholar Footwear Modern Legend Summit,Scholar Footwear Modern Legend,A,40,0,1,5,70.84,1
2303,PROD-193595,PROD-137893 SEG-508606 Scholar Footwear Modern Legend Summit,Scholar Footwear Modern Legend,A,40,0,1,1,70.84,1
1251,PROD-168473,PROD-189905 SEG-520646 Femme Footwear Boot Collection Plushfoot,Femme Footwear Boot Collection,B,17,0,1,1,70.5,1
1255,PROD-168477,PROD-189903 SEG-520646 Femme Footwear Boot Collection Plushfoot,Femme Footwear Boot Collection,B,17,0,1,2,70.5,1
1253,PROD-168475,PROD-189907 SEG-520646 Femme Footwear Boot Collection Plushfoot,Femme Footwear Boot Collection,A,19,0,1,1,70.5,1
211,PROD-138114,PROD-189909 SEG-520647 Femme Footwear Boot Collection Plushfoot,Femme Footwear Boot Collection,A,17,0,1,1,70.5,1
244,PROD-139486,PROD-167293 SEG-515730 Scholar Footwear Retro Legend Summit,Scholar Footwear Retro Legend,B,30,0,1,5,70.07,1
245,PROD-139487,PROD-167295 SEG-515730 Scholar Footwear Retro Legend Summit,Scholar Footwear Retro Legend,A,28,1,2,3,70.07,3
214,PROD-138117,PROD-189890 SEG-520643 Femme Footwear Boot Collection Plushfoot,Femme Footwear Boot Collection,A,18,5,1,1,70.05,6
5,PROD-100052,PROD-189475 SEG-520542 Femme Footwear Boot Collection Plushfoot,Femme Footwear Boot Collection,B,16,0,1,0,69.75,1
1925,PROD-176417,PROD-160176 SEG-514431 Femme Footwear Trailblazer Varied,Femme Footwear Trailblazer,B,40,3,1,0,69.49,4
217,PROD-138120,PROD-189887 SEG-520643 Femme Footwear Boot Collection Plushfoot,Femme Footwear Boot Collection,A,18,6,1,1,69.13000000000001,7
455,PROD-152100,PROD-170898 SEG-516410 Scholar Footwear Modern Legend Summit,Scholar Footwear Modern Legend,A,33,16,1,0,67.62,17
805,PROD-160657,PROD-136989 SEG-508377 Femme Footwear Modern Legend Summit,Femme Footwear Modern Legend,B,7,4,1,2,67.52999999999999,5
435,PROD-151978,PROD-137935 SEG-508610 Heritage Footwear Modern Legend Summit,Scholar Footwear Modern Legend,A,31,19,1,1,67.47999999999999,20
436,PROD-151979,PROD-137934 SEG-508610 Heritage Footwear Modern Legend Summit,Scholar Footwear Modern Legend,B,25,15,1,2,67.47999999999999,16
1110,PROD-166136,PROD-149085 SEG-511421 Femme Footwear Trailblazer Equilibrium,Femme Footwear Trailblazer,A,40,1,1,5,67.38,2
519,PROD-152581,PROD-152936 SEG-512412 Femme Footwear Flight Classic Varied,Femme Footwear Flight Classic,B,22,17,1,3,67.21000000000001,18
2172,PROD-183537,PROD-138255 SEG-508702 Scholar Footwear Modern Legend Summit,Scholar Footwear Modern Legend,B,40,2,1,0,66.31,3
1858,PROD-175824,PROD-112765 SEG-502407 Femme Footwear Modern Legend Summit,Femme Footwear Modern Legend,B,11,0,1,1,65.78,1
262,PROD-139836,PROD-138296 SEG-508706 Scholar Footwear Modern Legend Summit,Scholar Footwear Modern Legend,A,40,0,1,11,65.44,1
113,PROD-118968,PROD-138468 SEG-508729 Scholar Footwear Modern Legend Summit,Scholar Footwear Modern Legend,A,40,10,1,6,64.81,11
1926,PROD-176419,PROD-160178 SEG-514431 Femme Footwear Trailblazer Varied,Femme Footwear Trailblazer,C,40,1,1,0,64.05000000000001,2
2079,PROD-181240,PROD-189157 SEG-520473 Femme Footwear Flight Classic Varied,Femme Footwear Flight Classic,A,40,0,1,0,63.25,1
271,PROD-140865,PROD-100433 SEG-500064 Scholar Footwear Boot Collection Woodland,Scholar Footwear Boot Collection,A,40,9,2,11,63.15,11
741,PROD-159673,PROD-170090 SEG-516273 Junior Apparel Cozy Pullovers Varied,Junior Apparel Cozy Pullovers,C,20,0,2,3,63.0,2
337,PROD-145807,PROD-171337 SEG-516482 Toddler Footwear Modern Legend Summit,Scholar Footwear Modern Legend,A,33,21,1,4,62.82,22
503,PROD-152529,PROD-169465 SEG-516139 Femme Footwear Court Casual Zephyr,Femme Footwear Court Casual,B,34,19,1,3,62.75000000000001,20
504,PROD-152530,PROD-169466 SEG-516139 Femme Footwear Court Casual Zephyr,Femme Footwear Court Casual,A,34,17,1,4,62.71,18
821,PROD-160765,PROD-137086 SEG-508389 Scholar Footwear Modern Legend Summit,Scholar Footwear Modern Legend,A,40,3,1,3,62.59,4
255,PROD-139829,PROD-138298 SEG-508706 Scholar Footwear Modern Legend Summit,Scholar Footwear Modern Legend,A,40,1,1,11,62.419999999999995,2
1991,PROD-179081,PROD-152227 SEG-512256 Scholar Footwear Trainer Zephyr,Scholar Footwear Trainer,B,14,0,1,1,62.24,1
93,PROD-112072,PROD-103307 SEG-500452 Scholar Footwear Boot Collection Plushfoot,Scholar Footwear Boot Collection,A,18,12,2,0,61.52,14
1830,PROD-175402,PROD-112496 SEG-502380 Scholar Footwear Modern Legend Summit,Scholar Footwear Modern Legend,A,40,0,1,3,60.72,1
1828,PROD-175400,PROD-112495 SEG-502380 Scholar Footwear Modern Legend Summit,Scholar Footwear Modern Legend,A,40,0,1,0,60.72,1
2310,PROD-193602,PROD-112672 SEG-502397 Scholar Footwear Modern Legend Summit,Scholar Footwear Modern Legend,A,40,0,1,0,60.72,1
98,PROD-115351,PROD-173688 SEG-516939 Femme Footwear Court Casual Zephyr,Femme Footwear Court Casual,B,40,0,1,1,60.72,1
2307,PROD-193599,PROD-112671 SEG-502397 Scholar Footwear Modern Legend Summit,Scholar Footwear Modern Legend,A,40,0,1,1,60.72,1
1815,PROD-175376,PROD-113197 SEG-502444 Heritage Footwear Retro Legend Summit,Scholar Footwear Retro Legend,A,40,0,1,2,60.72,1
97,PROD-115350,PROD-173687 SEG-516939 Femme Footwear Court Casual Zephyr,Femme Footwear Court Casual,A,40,0,1,1,60.72,1
1820,PROD-175389,PROD-112412 SEG-502372 Scholar Footwear Modern Legend Summit,Scholar Footwear Modern Legend,A,40,0,1,0,60.72,1
2049,PROD-179257,PROD-149115 SEG-511423 Femme Footwear Trailblazer Equilibrium,Femme Footwear Trailblazer,C,10,0,1,0,60.5,1
2059,PROD-179464,PROD-152768 SEG-512374 Scholar Footwear Sandals Zephyr,Scholar Footwear Sandals,A,40,1,2,10,60.47,3
1459,PROD-169476,PROD-153430 SEG-512518 Femme Footwear Court Casual Zephyr,Femme Footwear Court Casual,A,40,24,1,1,60.339999999999996,25
451,PROD-152064,PROD-112308 SEG-502364 Scholar Footwear Modern Legend Summit,Scholar Footwear Modern Legend,A,16,0,1,2,60.06,1
358,PROD-146041,PROD-190027 SEG-520669 Femme Footwear Court Casual Zephyr,Femme Footwear Court Casual,B,25,0,1,9,60.06,1
452,PROD-152066,PROD-112310 SEG-502364 Scholar Footwear Modern Legend Summit,Scholar Footwear Modern Legend,B,14,0,1,2,60.06,1
254,PROD-139798,PROD-166104 SEG-515573 Scholar Footwear Modern Legend Summit,Scholar Footwear Modern Legend,A,35,2,5,5,60.06,7
252,PROD-139796,PROD-166103 SEG-515573 Scholar Footwear Modern Legend Summit,Scholar Footwear Modern Legend,A,37,0,1,6,60.06,1
251,PROD-139794,PROD-166101 SEG-515573 Scholar Footwear Modern Legend Summit,Scholar Footwear Modern Legend,A,38,0,1,9,60.06,1
250,PROD-139744,PROD-113080 SEG-502437 Scholar Footwear Retro Legend Summit,Scholar Footwear Retro Legend,B,15,0,1,6,60.06,1
7,PROD-100354,PROD-164490 SEG-515310 Femme Footwear Court Casual Zephyr,Femme Footwear Court Casual,A,40,20,2,8,59.21,22
79,PROD-106601,PROD-100687 SEG-500095 Scholar Footwear Trailblazer Equilibrium,Scholar Footwear Trailblazer,B,17,0,1,1,59.15,1
1279,PROD-168551,PROD-187344 SEG-520075 Femme Footwear Boot Collection Plushfoot,Femme Footwear Boot Collection,A,17,0,1,3,58.75,1
1281,PROD-168553,PROD-187340 SEG-520075 Femme Footwear Boot Collection Plushfoot,Femme Footwear Boot Collection,B,17,0,1,2,58.75,1
32,PROD-100459,PROD-100823 SEG-500112 Heritage Footwear Flight Classic Zephyr,Femme Footwear Flight Classic,A,40,1,1,16,58.410000000000004,2
1269,PROD-168538,PROD-187337 SEG-520074 Femme Footwear Boot Collection Plushfoot,Femme Footwear Boot Collection,A,17,4,1,7,58.169999999999995,5
1455,PROD-169472,PROD-153437 SEG-512518 Femme Footwear Court Casual Zephyr,Femme Footwear Court Casual,A,40,25,1,3,57.88,26
227,PROD-138264,PROD-100198 SEG-500039 Scholar Footwear Trailblazer Equilibrium,Scholar Footwear Trailblazer,A,40,24,1,6,57.75,25
27,PROD-100451,PROD-100827 SEG-500112 Heritage Footwear Flight Classic Zephyr,Femme Footwear Flight Classic,A,40,3,1,22,57.620000000000005,4
9,PROD-100356,PROD-164492 SEG-515310 Femme Footwear Court Casual Zephyr,Femme Footwear Court Casual,A,40,21,1,12,57.620000000000005,22
1027,PROD-165561,PROD-109756 SEG-502036 Femme Footwear Court Casual Trident,Femme Footwear Court Casual,A,40,0,1,1,57.5,1
1024,PROD-165558,PROD-109753 SEG-502036 Femme Footwear Court Casual Trident,Femme Footwear Court Casual,A,40,0,1,0,57.5,1
506,PROD-152538,PROD-174094 SEG-516991 Femme Footwear Court Casual Zephyr,Femme Footwear Court Casual,B,26,11,1,3,57.480000000000004,12
10,PROD-100357,PROD-164493 SEG-515310 Femme Footwear Court Casual Zephyr,Femme Footwear Court Casual,A,40,16,1,14,57.39000000000001,17
1268,PROD-168537,PROD-187336 SEG-520074 Femme Footwear Boot Collection Plushfoot,Femme Footwear Boot Collection,A,18,5,1,4,57.38,6
29,PROD-100453,PROD-100829 SEG-500112 Heritage Footwear Flight Classic Zephyr,Femme Footwear Flight Classic,A,40,1,1,23,57.32,2
65,PROD-104232,PROD-124864 SEG-505231 Scholar Footwear Boot Collection Plushfoot,Scholar Footwear Boot Collection,B,15,2,1,2,56.400000000000006,3
1212,PROD-167825,PROD-114516 SEG-502553 Scholar Footwear Modern Legend Summit,Scholar Footwear Modern Legend,A,32,0,1,4,55.66,1
1388,PROD-169251,PROD-112725 SEG-502403 Scholar Footwear Modern Legend Summit,Scholar Footwear Modern Legend,A,40,0,1,10,55.66,1
1398,PROD-169261,PROD-112790 SEG-502409 Heritage Footwear Modern Legend Summit,Scholar Footwear Modern Legend,A,40,0,1,7,55.66,1
2167,PROD-183508,PROD-112523 SEG-502382 Scholar Footwear Modern Legend Summit,Scholar Footwear Modern Legend,A,36,0,1,0,55.66,1
66,PROD-104233,PROD-124865 SEG-505231 Scholar Footwear Boot Collection Plushfoot,Scholar Footwear Boot Collection,A,15,0,1,5,55.66,1
1207,PROD-167816,PROD-114500 SEG-502552 Scholar Footwear Modern Legend Summit,Scholar Footwear Modern Legend,A,40,0,1,13,55.66,1
568,PROD-154467,PROD-178965 SEG-518010 Femme Footwear Trailblazer Swift Run,Femme Footwear Trailblazer,B,16,3,1,0,55.23,4
2296,PROD-192558,PROD-100378 SEG-500060 Scholar Footwear Boot Collection Woodland,Scholar Footwear Boot Collection,A,20,1,1,2,55.21,2
813,PROD-160711,PROD-188565 SEG-520369 Scholar Footwear Trailblazer Zephyr,Scholar Footwear Trailblazer,A,40,15,1,12,55.12,16
429,PROD-151811,PROD-166073 SEG-515566 Scholar Footwear Modern Legend Summit,Scholar Footwear Modern Legend,A,39,26,1,2,55.12,27
1152,PROD-166186,PROD-148904 SEG-511400 Femme Footwear Trailblazer Equilibrium,Femme Footwear Trailblazer,B,23,2,1,0,55.06,3
2020,PROD-179187,PROD-148914 SEG-511401 Femme Footwear Trailblazer Equilibrium,Femme Footwear Trailblazer,B,38,1,2,1,55.0,3
2018,PROD-179185,PROD-148912 SEG-511401 Femme Footwear Trailblazer Equilibrium,Femme Footwear Trailblazer,A,38,0,1,8,55.0,1
2016,PROD-179183,PROD-148910 SEG-511401 Femme Footwear Trailblazer Equilibrium,Femme Footwear Trailblazer,B,25,0,1,4,55.0,1
2036,PROD-179231,PROD-149014 SEG-511410 Femme Footwear Trailblazer Equilibrium,Femme Footwear Trailblazer,B,22,0,1,3,55.0,1
2011,PROD-179177,PROD-148923 SEG-511402 Femme Footwear Trailblazer Equilibrium,Femme Footwear Trailblazer,B,40,0,1,8,55.0,1
440,PROD-152046,PROD-166019 SEG-515561 Scholar Footwear Modern Legend Summit,Scholar Footwear Modern Legend,B,37,31,1,0,54.93,32
1054,PROD-165922,PROD-148631 SEG-511367 Scholar Footwear Trailblazer Equilibrium,Scholar Footwear Trailblazer,A,40,3,2,9,54.47,5
1282,PROD-168642,PROD-187458 SEG-520099 Scholar Footwear Boot Collection Plushfoot,Scholar Footwear Boot Collection,A,17,1,2,4,54.05,3
1111,PROD-166137,PROD-149086 SEG-511421 Femme Footwear Trailblazer Equilibrium,Femme Footwear Trailblazer,A,40,6,1,1,53.79,7
257,PROD-139831,PROD-138300 SEG-508706 Scholar Footwear Modern Legend Summit,Scholar Footwear Modern Legend,A,40,10,1,15,53.57,11
1193,PROD-167640,PROD-149327 SEG-511442 Scholar Footwear Trailblazer Equilibrium,Scholar Footwear Trailblazer,A,40,0,1,2,52.32,1
1199,PROD-167649,PROD-149238 SEG-511434 Scholar Footwear Trailblazer Equilibrium,Scholar Footwear Trailblazer,A,20,8,1,1,52.32,9
1192,PROD-167639,PROD-149326 SEG-511442 Scholar Footwear Trailblazer Equilibrium,Scholar Footwear Trailblazer,A,40,0,1,0,52.32,1
1186,PROD-167512,PROD-149319 SEG-511441 Scholar Footwear Trailblazer Equilibrium,Scholar Footwear Trailblazer,A,21,12,1,0,52.31,13
1198,PROD-167648,PROD-149237 SEG-511434 Scholar Footwear Trailblazer Equilibrium,Scholar Footwear Trailblazer,A,20,13,1,0,52.22,14
172,PROD-124598,PROD-100993 SEG-500125 Toddler Footwear Flight Classic Zephyr,Scholar Footwear Flight Classic,A,32,31,0,0,52.08,31
1114,PROD-166140,PROD-149089 SEG-511421 Femme Footwear Trailblazer Equilibrium,Femme Footwear Trailblazer,A,40,6,1,4,52.01,7
399,PROD-148838,PROD-182246 SEG-518682 Femme Footwear Court Casual Trident,Femme Footwear Court Casual,B,29,5,1,3,51.68,6
2130,PROD-181883,PROD-152313 SEG-512269 Scholar Footwear Trailblazer Zephyr,Scholar Footwear Trailblazer,A,40,23,1,2,51.68,24
1922,PROD-176345,PROD-152432 SEG-512297 Scholar Footwear Court Casual Zephyr,Scholar Footwear Court Casual,B,40,0,1,1,51.61,1
1915,PROD-176338,PROD-152434 SEG-512297 Scholar Footwear Court Casual Zephyr,Scholar Footwear Court Casual,B,40,0,1,1,51.61,1
1493,PROD-170017,PROD-152544 SEG-512315 Scholar Footwear Court Casual Zephyr,Scholar Footwear Court Casual,B,21,0,1,5,50.6,1
1491,PROD-170010,PROD-165941 SEG-515549 Scholar Footwear Flight Classic Zephyr,Scholar Footwear Flight Classic,A,40,0,1,10,50.6,1
1908,PROD-176328,PROD-111683 SEG-502290 Scholar Footwear Flight Classic Zephyr,Scholar Footwear Flight Classic,A,40,0,1,1,50.6,1
280,PROD-140874,PROD-100417 SEG-500063 Scholar Footwear Boot Collection Woodland,Scholar Footwear Boot Collection,A,40,0,1,8,50.6,1
2138,PROD-182088,PROD-185954 SEG-519649 Scholar Footwear Boot Collection Woodland,Scholar Footwear Boot Collection,A,32,0,1,1,50.6,1
602,PROD-156694,PROD-104013 SEG-500567 Scholar Footwear Trailblazer Equilibrium,Scholar Footwear Trailblazer,A,27,20,0,0,50.43,20
309,PROD-143190,PROD-102481 SEG-500343 Scholar Footwear Trailblazer Equilibrium,Scholar Footwear Trailblazer,A,40,0,1,6,50.05,1
783,PROD-159730,PROD-152954 SEG-512415 Scholar Footwear Trailblazer Zephyr,Scholar Footwear Trailblazer,A,38,0,1,11,50.05,1
1070,PROD-165940,PROD-148755 SEG-511382 Scholar Footwear Trailblazer Equilibrium,Scholar Footwear Trailblazer,A,40,0,1,12,50.05,1
76,PROD-106097,PROD-152184 SEG-512252 Newborn Footwear Flight Classic Zephyr,Scholar Footwear Flight Classic,A,29,0,1,6,50.05,1
1145,PROD-166178,PROD-148951 SEG-511405 Femme Footwear Trailblazer Equilibrium,Femme Footwear Trailblazer,B,40,0,1,0,50.05,1
1071,PROD-165941,PROD-148756 SEG-511382 Scholar Footwear Trailblazer Equilibrium,Scholar Footwear Trailblazer,A,40,0,1,15,50.05,1
133,PROD-122003,PROD-152493 SEG-512305 Scholar Footwear Court Casual Zephyr,Scholar Footwear Court Casual,A,25,0,1,2,50.05,1
1075,PROD-165947,PROD-148740 SEG-511381 Scholar Footwear Trailblazer Equilibrium,Scholar Footwear Trailblazer,A,40,0,1,4,50.05,1
1077,PROD-165949,PROD-148742 SEG-511381 Scholar Footwear Trailblazer Equilibrium,Scholar Footwear Trailblazer,A,40,0,1,10,50.05,1
302,PROD-143183,PROD-102482 SEG-500343 Scholar Footwear Trailblazer Equilibrium,Scholar Footwear Trailblazer,A,40,0,1,10,50.05,1
304,PROD-143185,PROD-102484 SEG-500343 Scholar Footwear Trailblazer Equilibrium,Scholar Footwear Trailblazer,A,40,0,1,11,50.05,1
322,PROD-144337,PROD-152443 SEG-512298 Scholar Footwear Court Casual Zephyr,Scholar Footwear Court Casual,B,28,0,1,2,50.05,1
1930,PROD-176434,PROD-163504 SEG-515104 Femme Footwear Trailblazer Varied,Femme Footwear Trailblazer,B,27,2,1,0,50.019999999999996,3
1162,PROD-166365,PROD-102543 SEG-500347 Scholar Footwear Trailblazer Equilibrium,Scholar Footwear Trailblazer,A,40,21,1,1,49.96,22
1174,PROD-167092,PROD-109525 SEG-501989 Femme Footwear Trailblazer Stride Pro,Femme Footwear Trailblazer,B,7,3,1,0,49.870000000000005,4
981,PROD-163869,PROD-180127 SEG-518153 Femme Footwear Trailblazer Swift Run,Femme Footwear Trailblazer,C,27,5,1,0,49.60999999999999,6
1706,PROD-171052,PROD-168042 SEG-515896 Junior Apparel Cozy Pullovers Varied,Junior Apparel Cozy Pullovers,C,19,1,2,2,49.5,3
466,PROD-152143,PROD-162923 SEG-514991 Heritage Footwear Retro Legend Summit,Scholar Footwear Retro Legend,A,40,22,0,1,49.099999999999994,22
876,PROD-160889,PROD-162658 SEG-514978 Scholar Footwear Retro Legend Summit,Scholar Footwear Retro Legend,A,31,20,1,0,48.57,21
18,PROD-100435,PROD-164665 SEG-515333 Scholar Footwear Court Casual Zephyr,Scholar Footwear Court Casual,A,40,21,2,11,48.440000000000005,23
2194,PROD-183813,PROD-103478 SEG-500475 Femme Footwear Trailblazer Zephyr,Femme Footwear Trailblazer,B,40,0,1,0,48.07,1
1899,PROD-176003,PROD-188077 SEG-520268 Femme Footwear Trailblazer Zephyr,Femme Footwear Trailblazer,A,40,0,1,4,48.07,1
2195,PROD-183814,PROD-103479 SEG-500475 Femme Footwear Trailblazer Zephyr,Femme Footwear Trailblazer,A,40,0,1,0,48.07,1
1904,PROD-176008,PROD-188073 SEG-520268 Femme Footwear Trailblazer Zephyr,Femme Footwear Trailblazer,A,40,0,1,1,48.07,1
1901,PROD-176005,PROD-188079 SEG-520268 Femme Footwear Trailblazer Zephyr,Femme Footwear Trailblazer,A,40,0,1,3,48.07,1
1902,PROD-176006,PROD-188080 SEG-520268 Femme Footwear Trailblazer Zephyr,Femme Footwear Trailblazer,A,40,0,1,2,48.07,1
1978,PROD-178786,PROD-138451 SEG-508726 Scholar Footwear Trailblazer Summit,Scholar Footwear Trailblazer,B,40,0,1,5,48.07,1
2199,PROD-183818,PROD-103474 SEG-500475 Femme Footwear Trailblazer Zephyr,Femme Footwear Trailblazer,B,40,0,1,0,48.07,1
1845,PROD-175514,PROD-124317 SEG-505105 Scholar Footwear Sandals Varied,Scholar Footwear Sandals,B,33,0,3,11,48.0,3
109,PROD-116413,PROD-187529 SEG-520111 Scholar Footwear Boot Collection Plushfoot,Scholar Footwear Boot Collection,A,13,5,1,0,47.92,6
1061,PROD-165930,PROD-148614 SEG-511366 Newborn Footwear Trailblazer Varied,Scholar Footwear Trailblazer,A,40,0,1,6,47.78,1
1063,PROD-165932,PROD-148616 SEG-511366 Newborn Footwear Trailblazer Varied,Scholar Footwear Trailblazer,A,40,1,1,1,47.78,2
1064,PROD-165933,PROD-148617 SEG-511366 Newborn Footwear Trailblazer Varied,Scholar Footwear Trailblazer,A,40,0,1,6,47.78,1
1932,PROD-176440,PROD-178971 SEG-518011 Femme Footwear Trailblazer Varied,Femme Footwear Trailblazer,B,24,3,0,1,47.68,3
549,PROD-154111,PROD-179352 SEG-518058 Femme Footwear Court Casual Trident,Femme Footwear Court Casual,C,18,14,0,0,47.44,14
540,PROD-153837,PROD-134080 SEG-507545 Junior Apparel Light Shells Varied,Junior Apparel Light Shells,C,13,0,2,2,47.0,2
539,PROD-153836,PROD-134081 SEG-507545 Junior Apparel Light Shells Varied,Junior Apparel Light Shells,C,16,0,2,1,47.0,2
1778,PROD-175044,PROD-152485 SEG-512304 Scholar Footwear Court Casual Zephyr,Scholar Footwear Court Casual,B,40,0,1,2,46.55,1
368,PROD-146815,PROD-174401 SEG-517037 Junior Apparel Cozy Trousers Varied,Junior Apparel Cozy Trousers,C,14,0,3,0,46.2,3
1044,PROD-165595,PROD-179715 SEG-518090 Femme Footwear Court Casual Trident,Femme Footwear Court Casual,A,40,0,1,12,46.0,1
1960,PROD-177180,PROD-121080 SEG-504170 Junior Apparel Outer Shells Varied,Junior Apparel Outer Shells,C,14,0,1,0,46.0,1
1959,PROD-177179,PROD-121081 SEG-504170 Junior Apparel Outer Shells Varied,Junior Apparel Outer Shells,B,14,0,1,1,46.0,1
1508,PROD-170036,PROD-173624 SEG-516932 Newborn Footwear Court Casual Zephyr,Scholar Footwear Court Casual,A,40,0,1,16,45.54,1
2171,PROD-183525,PROD-111954 SEG-502325 Scholar Footwear Modern Legend Summit,Scholar Footwear Modern Legend,A,40,0,1,0,45.54,1
1507,PROD-170035,PROD-173626 SEG-516932 Newborn Footwear Court Casual Zephyr,Scholar Footwear Court Casual,A,40,0,1,18,45.54,1
1504,PROD-170032,PROD-173618 SEG-516932 Newborn Footwear Court Casual Zephyr,Scholar Footwear Court Casual,B,40,0,1,2,45.54,1
1912,PROD-176335,PROD-111482 SEG-502269 Scholar Footwear Flight Classic Zephyr,Scholar Footwear Flight Classic,A,40,0,1,4,45.54,1
226,PROD-138263,PROD-100197 SEG-500039 Scholar Footwear Trailblazer Equilibrium,Scholar Footwear Trailblazer,A,38,17,1,7,45.339999999999996,18
888,PROD-161780,PROD-188025 SEG-520261 Femme Footwear Trailblazer Zephyr,Femme Footwear Trailblazer,A,20,2,1,2,45.08,3
760,PROD-159700,PROD-154002 SEG-512642 Scholar Footwear Trailblazer Zephyr,Scholar Footwear Trailblazer,A,35,18,1,3,45.06,19
526,PROD-152721,PROD-173381 SEG-516907 Scholar Footwear Flight Classic Zephyr,Scholar Footwear Flight Classic,A,28,17,1,5,45.059999999999995,18
892,PROD-161784,PROD-188029 SEG-520261 Femme Footwear Trailblazer Zephyr,Femme Footwear Trailblazer,B,12,0,1,2,45.04,1
726,PROD-159588,PROD-174052 SEG-516987 Scholar Footwear Court Casual Zephyr,Scholar Footwear Court Casual,A,36,0,1,9,45.04,1
882,PROD-161009,PROD-173798 SEG-516952 Scholar Footwear Flight Classic Zephyr,Scholar Footwear Flight Classic,B,39,1,2,5,45.04,3
883,PROD-161010,PROD-173797 SEG-516952 Scholar Footwear Flight Classic Zephyr,Scholar Footwear Flight Classic,A,39,1,2,8,45.04,3
724,PROD-159583,PROD-153457 SEG-512521 Scholar Footwear Court Casual Zephyr,Scholar Footwear Court Casual,A,31,0,1,4,45.04,1
674,PROD-158672,PROD-188085 SEG-520269 Femme Footwear Trailblazer Zephyr,Femme Footwear Trailblazer,B,23,0,1,3,45.04,1
676,PROD-158674,PROD-188087 SEG-520269 Femme Footwear Trailblazer Zephyr,Femme Footwear Trailblazer,A,36,0,1,2,45.04,1
679,PROD-158677,PROD-188090 SEG-520269 Femme Footwear Trailblazer Zephyr,Femme Footwear Trailblazer,C,9,0,1,1,45.04,1
881,PROD-161008,PROD-173795 SEG-516952 Scholar Footwear Flight Classic Zephyr,Scholar Footwear Flight Classic,B,40,0,1,8,45.04,1
723,PROD-159582,PROD-153458 SEG-512521 Scholar Footwear Court Casual Zephyr,Scholar Footwear Court Casual,A,35,0,1,8,45.04,1
763,PROD-159705,PROD-153993 SEG-512641 Scholar Footwear Trailblazer Zephyr,Scholar Footwear Trailblazer,A,40,11,1,5,45.03,12
764,PROD-159706,PROD-153996 SEG-512641 Scholar Footwear Trailblazer Zephyr,Scholar Footwear Trailblazer,A,38,14,1,4,45.019999999999996,15
557,PROD-154191,PROD-168554 SEG-515989 Femme Footwear Court Casual Trident,Femme Footwear Court Casual,C,27,25,0,0,44.94,25
889,PROD-161781,PROD-188026 SEG-520261 Femme Footwear Trailblazer Zephyr,Femme Footwear Trailblazer,A,29,1,1,6,44.87,2
364,PROD-146811,PROD-174413 SEG-517039 Junior Apparel Cozy Pullovers Varied,Junior Apparel Cozy Pullovers,C,15,1,4,1,44.099999999999994,5
2220,PROD-184613,PROD-179915 SEG-518119 Scholar Footwear Trailblazer Swift Run,Scholar Footwear Trailblazer,B,14,0,1,3,43.56,1
1562,PROD-170511,PROD-179934 SEG-518120 Scholar Footwear Trailblazer Swift Run,Scholar Footwear Trailblazer,A,40,0,1,11,43.56,1
1565,PROD-170514,PROD-179878 SEG-518117 Scholar Footwear Trailblazer Swift Run,Scholar Footwear Trailblazer,A,40,0,1,1,43.56,1
2209,PROD-184466,PROD-179901 SEG-518118 Scholar Footwear Trailblazer Swift Run,Scholar Footwear Trailblazer,A,40,0,1,14,43.56,1
1166,PROD-166369,PROD-102539 SEG-500347 Scholar Footwear Trailblazer Equilibrium,Scholar Footwear Trailblazer,A,40,11,1,11,42.78,12
1177,PROD-167100,PROD-109497 SEG-501986 Femme Footwear Trailblazer Stride Pro,Femme Footwear Trailblazer,C,11,7,1,0,42.309999999999995,8
482,PROD-152225,PROD-149106 SEG-511422 Scholar Footwear Trailblazer Equilibrium,Scholar Footwear Trailblazer,A,40,1,1,23,42.190000000000005,2
126,PROD-121529,PROD-102945 SEG-500406 Scholar Footwear Court Casual Trident,Scholar Footwear Court Casual,A,40,17,1,7,41.62,18
529,PROD-153623,PROD-148813 SEG-511388 Scholar Footwear Trailblazer Equilibrium,Scholar Footwear Trailblazer,A,26,15,2,2,41.58,17
483,PROD-152226,PROD-149107 SEG-511422 Scholar Footwear Trailblazer Equilibrium,Scholar Footwear Trailblazer,A,40,1,1,25,41.400000000000006,2
1303,PROD-168775,PROD-122121 SEG-504483 Junior Apparel Cozy Trousers Varied,Junior Apparel Cozy Trousers,C,19,0,2,2,41.4,2
1297,PROD-168769,PROD-122102 SEG-504479 Junior Apparel Cozy Pullovers Varied,Junior Apparel Cozy Pullovers,C,19,0,2,2,41.4,2
1751,PROD-173387,PROD-150860 SEG-511852 Scholar Footwear Trailblazer Equilibrium,Scholar Footwear Trailblazer,B,20,0,1,0,40.95,1
1754,PROD-173395,PROD-150877 SEG-511853 Scholar Footwear Trailblazer Equilibrium,Scholar Footwear Trailblazer,B,40,0,1,0,40.95,1
1520,PROD-170098,PROD-102662 SEG-500365 Scholar Footwear Trailblazer Zephyr,Scholar Footwear Trailblazer,A,40,16,1,6,40.57,17
1732,PROD-172110,PROD-101763 SEG-500231 Toddler Footwear Sandals Varied,Scholar Footwear Sandals,A,40,0,2,26,40.0,2
90,PROD-112026,PROD-103290 SEG-500450 Toddler Footwear Boot Collection Plushfoot,Scholar Footwear Boot Collection,A,19,11,1,1,39.75000000000001,12
1017,PROD-165289,PROD-179219 SEG-518044 Scholar Footwear Court Casual Trident,Scholar Footwear Court Casual,A,40,0,1,2,39.1,1
1517,PROD-170095,PROD-102658 SEG-500365 Scholar Footwear Trailblazer Zephyr,Scholar Footwear Trailblazer,A,40,5,1,10,39.02,6
1085,PROD-165958,PROD-102495 SEG-500344 Scholar Footwear Trailblazer Equilibrium,Scholar Footwear Trailblazer,B,27,14,1,0,38.82,15
378,PROD-146850,PROD-170775 SEG-516390 Junior Apparel Trousers Varied,Junior Apparel Trousers,C,16,0,1,3,38.5,1
379,PROD-146851,PROD-170774 SEG-516390 Junior Apparel Trousers Varied,Junior Apparel Trousers,C,14,1,3,1,38.5,4
89,PROD-112025,PROD-103289 SEG-500450 Toddler Footwear Boot Collection Plushfoot,Scholar Footwear Boot Collection,A,20,11,1,1,37.970000000000006,12
1523,PROD-170103,PROD-152853 SEG-512398 Scholar Footwear Trailblazer Zephyr,Scholar Footwear Trailblazer,A,40,0,1,7,37.95,1
1083,PROD-165956,PROD-102501 SEG-500344 Scholar Footwear Trailblazer Equilibrium,Scholar Footwear Trailblazer,A,39,20,2,2,37.550000000000004,22
128,PROD-121531,PROD-102947 SEG-500406 Scholar Footwear Court Casual Trident,Scholar Footwear Court Casual,A,40,11,1,18,37.010000000000005,12
1745,PROD-173368,PROD-108137 SEG-501617 Junior Apparel Denim Classics Varied,Junior Apparel Denim Classics,C,10,0,2,1,37.0,2
1031,PROD-165567,PROD-179204 SEG-518043 Scholar Footwear Court Casual Trident,Scholar Footwear Court Casual,A,39,0,1,3,36.8,1
1098,PROD-165981,PROD-148987 SEG-511408 Newborn Footwear Trailblazer Varied,Scholar Footwear Trailblazer,B,16,0,1,4,36.4,1
1096,PROD-165979,PROD-148985 SEG-511408 Newborn Footwear Trailblazer Varied,Scholar Footwear Trailblazer,B,16,0,1,7,36.4,1
1703,PROD-171045,PROD-168056 SEG-515899 Junior Apparel Cozy Pullovers Varied,Junior Apparel Cozy Pullovers,C,19,0,2,5,36.0,2
292,PROD-141937,PROD-122552 SEG-504595 Scholar Footwear Court Casual Trident,Scholar Footwear Court Casual,A,40,24,1,8,35.72,25
1936,PROD-176444,PROD-178975 SEG-518011 Femme Footwear Trailblazer Varied,Femme Footwear Trailblazer,B,24,8,0,0,35.57000000000001,8
1758,PROD-173405,PROD-150847 SEG-511851 Scholar Footwear Trailblazer Equilibrium,Scholar Footwear Trailblazer,B,15,3,1,2,35.230000000000004,4
130,PROD-121533,PROD-102949 SEG-500406 Scholar Footwear Court Casual Trident,Scholar Footwear Court Casual,A,40,16,1,13,34.230000000000004,17
2314,PROD-193905,PROD-116110 SEG-502743 Scholar Footwear Trainer Zephyr,Scholar Footwear Trainer,A,40,14,1,2,32.779999999999994,15
2087,PROD-181253,PROD-189516 SEG-520551 Femme Footwear Court Casual Zephyr,Femme Footwear Court Casual,B,40,5,1,0,31.41,6
1737,PROD-172729,PROD-179982 SEG-518123 Scholar Footwear Trailblazer Swift Run,Scholar Footwear Trailblazer,A,40,13,1,7,31.360000000000003,14
2320,PROD-193911,PROD-116115 SEG-502743 Scholar Footwear Trainer Zephyr,Scholar Footwear Trainer,A,40,26,2,1,29.910000000000004,28
168,PROD-124593,PROD-100983 SEG-500125 Toddler Footwear Flight Classic Zephyr,Scholar Footwear Flight Classic,A,27,23,0,0,28.8,23
424,PROD-151554,PROD-168165 SEG-515926 Junior Apparel Crew Tees Zephyr,Junior Apparel Crew Tees,C,13,8,0,0,27.84,8
597,PROD-156685,PROD-103975 SEG-500562 Scholar Footwear Trailblazer Equilibrium,Scholar Footwear Trailblazer,B,25,21,0,2,26.54,21
493,PROD-152431,PROD-171770 SEG-516576 Scholar Footwear Hardcourt Zephyr,Scholar Footwear Hardcourt,B,21,12,0,0,26.39,12
1582,PROD-170534,PROD-179964 SEG-518122 Scholar Footwear Trailblazer Varied,Scholar Footwear Trailblazer,A,40,6,0,4,24.93,6
105,PROD-116357,PROD-122117 SEG-504482 Junior Apparel Cozy Trousers Zephyr,Junior Apparel Cozy Trousers,B,19,10,1,4,24.909999999999997,11
716,PROD-159369,PROD-103395 SEG-500461 Scholar Footwear Canvas Styles Drifter,Scholar Footwear Canvas Styles,A,27,0,1,15,24.75,1
1584,PROD-170536,PROD-179966 SEG-518122 Scholar Footwear Trailblazer Varied,Scholar Footwear Trailblazer,A,40,13,0,6,24.42,13
2142,PROD-183446,PROD-114064 SEG-502516 Heritage Footwear Retro Legend Summit,Scholar Footwear Retro Legend,A,40,13,0,0,23.62,13
289,PROD-141934,PROD-122549 SEG-504595 Scholar Footwear Court Casual Trident,Scholar Footwear Court Casual,A,37,23,0,3,23.459999999999997,23
2247,PROD-188464,PROD-122945 SEG-504715 Junior Apparel Cozy Trousers Varied,Junior Apparel Cozy Trousers,C,8,0,1,0,23.4,1
154,PROD-123536,PROD-169848 SEG-516218 Junior Apparel Crop Pants Zephyr,Junior Apparel Crop Pants,C,15,5,2,1,22.759999999999998,7
1682,PROD-171003,PROD-186939 SEG-519911 Junior Apparel Gift Bundles Varied,Junior Apparel Gift Bundles,C,14,0,1,1,22.75,1
416,PROD-151395,PROD-168203 SEG-515934 Junior Apparel Cozy Trousers Zephyr,Junior Apparel Cozy Trousers,C,9,0,1,0,22.75,1
1681,PROD-171002,PROD-186938 SEG-519911 Junior Apparel Gift Bundles Varied,Junior Apparel Gift Bundles,C,14,0,1,1,22.75,1
382,PROD-147348,PROD-122507 SEG-504591 Scholar Footwear Court Casual Trident,Scholar Footwear Court Casual,B,30,8,1,0,22.480000000000004,9
202,PROD-134867,PROD-131696 SEG-507050 Junior Apparel Crop Pants Varied,Junior Apparel Crop Pants,C,5,0,1,2,22.0,1
231,PROD-138970,PROD-122111 SEG-504481 Junior Apparel Cozy Pullovers Varied,Junior Apparel Cozy Pullovers,B,19,6,1,4,21.32,7
83,PROD-110042,PROD-189442 SEG-520531 Femme Footwear Boot Collection Plushfoot,Femme Footwear Boot Collection,B,13,9,0,0,21.169999999999998,9
743,PROD-159675,PROD-170092 SEG-516273 Junior Apparel Cozy Pullovers Varied,Junior Apparel Cozy Pullovers,C,14,0,1,0,21.0,1
1948,PROD-177115,PROD-121075 SEG-504169 Junior Apparel Cozy Trousers Varied,Junior Apparel Cozy Trousers,C,9,0,1,1,20.7,1
2108,PROD-181685,PROD-121047 SEG-504163 Junior Apparel Cozy Pullovers Varied,Junior Apparel Cozy Pullovers,C,5,0,1,0,20.7,1
2109,PROD-181687,PROD-121045 SEG-504163 Junior Apparel Cozy Pullovers Varied,Junior Apparel Cozy Pullovers,C,5,0,1,0,20.7,1
1288,PROD-168760,PROD-122106 SEG-504480 Junior Apparel Cozy Pullovers Varied,Junior Apparel Cozy Pullovers,B,20,0,1,1,20.7,1
1301,PROD-168773,PROD-122123 SEG-504483 Junior Apparel Cozy Trousers Varied,Junior Apparel Cozy Trousers,C,19,1,2,0,20.7,3
1944,PROD-177109,PROD-121061 SEG-504166 Junior Apparel Cozy Pullovers Varied,Junior Apparel Cozy Pullovers,C,10,0,1,1,20.7,1
1298,PROD-168770,PROD-122101 SEG-504479 Junior Apparel Cozy Pullovers Varied,Junior Apparel Cozy Pullovers,C,20,0,1,4,20.7,1
1302,PROD-168774,PROD-122122 SEG-504483 Junior Apparel Cozy Trousers Varied,Junior Apparel Cozy Trousers,C,20,0,1,3,20.7,1
229,PROD-138968,PROD-122113 SEG-504481 Junior Apparel Cozy Pullovers Varied,Junior Apparel Cozy Pullovers,B,19,1,2,7,20.23,3
1090,PROD-165963,PROD-149193 SEG-511431 Scholar Footwear Trailblazer Equilibrium,Scholar Footwear Trailblazer,A,39,26,1,1,19.839999999999996,27
235,PROD-138974,PROD-122132 SEG-504485 Junior Apparel Cozy Trousers Varied,Junior Apparel Cozy Trousers,C,19,4,1,2,19.77,5
623,PROD-156930,PROD-108107 SEG-501608 Junior Apparel Denim Classics Varied,Junior Apparel Denim Classics,C,11,0,1,0,19.5,1
1603,PROD-170844,PROD-186940 SEG-519912 Junior Apparel Gift Bundles Varied,Junior Apparel Gift Bundles,C,15,0,1,3,19.25,1
377,PROD-146849,PROD-170776 SEG-516390 Junior Apparel Trousers Varied,Junior Apparel Trousers,C,13,0,1,2,19.25,1
104,PROD-116356,PROD-122118 SEG-504482 Junior Apparel Cozy Trousers Zephyr,Junior Apparel Cozy Trousers,B,19,2,1,4,19.05,3
2284,PROD-191287,PROD-130484 SEG-506680 Junior Apparel Cozy Pullovers Varied,Junior Apparel Cozy Pullovers,C,9,0,1,0,19.0,1
125,PROD-120992,PROD-108072 SEG-501599 Junior Apparel Trousers Varied,Junior Apparel Trousers,C,11,0,1,0,19.0,1
122,PROD-120989,PROD-108074 SEG-501599 Junior Apparel Trousers Varied,Junior Apparel Trousers,C,12,0,1,3,19.0,1
1765,PROD-173675,PROD-121228 SEG-504209 Junior Apparel Cozy Trousers Varied,Junior Apparel Cozy Trousers,C,17,0,1,3,18.63,1
318,PROD-143381,PROD-179667 SEG-518086 Femme Footwear Court Casual Trident,Femme Footwear Court Casual,A,40,14,0,2,18.5,14
1744,PROD-173367,PROD-108141 SEG-501617 Junior Apparel Denim Classics Varied,Junior Apparel Denim Classics,C,11,1,1,3,18.5,2
929,PROD-162191,PROD-170292 SEG-516313 Junior Apparel Crew Tees Varied,Junior Apparel Crew Tees,C,17,0,2,6,18.2,2
2252,PROD-188475,PROD-129719 SEG-506466 Junior Apparel Crew Tees Varied,Junior Apparel Crew Tees,C,9,0,1,0,18.0,1
2251,PROD-188474,PROD-129720 SEG-506466 Junior Apparel Crew Tees Varied,Junior Apparel Crew Tees,C,9,0,1,0,18.0,1
1353,PROD-168845,PROD-149333 SEG-511443 Femme Footwear Trailblazer Equilibrium,Femme Footwear Trailblazer,B,11,3,0,2,17.869999999999997,3
616,PROD-156900,PROD-108090 SEG-501601 Junior Apparel Denim Classics Varied,Junior Apparel Denim Classics,C,15,1,1,4,17.5,2
1661,PROD-170975,PROD-122030 SEG-504463 Junior Apparel Cozy Pullovers Varied,Junior Apparel Cozy Pullovers,C,18,0,1,1,17.5,1
617,PROD-156901,PROD-108086 SEG-501601 Junior Apparel Denim Classics Varied,Junior Apparel Denim Classics,C,17,0,1,8,17.5,1
2278,PROD-190493,PROD-105043 SEG-500828 Junior Apparel Crew Tees Varied,Junior Apparel Crew Tees,C,9,0,1,0,17.0,1
118,PROD-120974,PROD-104356 SEG-500622 Junior Apparel Trousers Varied,Junior Apparel Trousers,C,11,0,1,2,17.0,1
1707,PROD-171053,PROD-168041 SEG-515896 Junior Apparel Cozy Pullovers Varied,Junior Apparel Cozy Pullovers,C,18,0,1,3,16.5,1
1740,PROD-173363,PROD-104436 SEG-500640 Junior Apparel Denim Classics Varied,Junior Apparel Denim Classics,C,11,0,1,2,16.5,1
1357,PROD-168849,PROD-149337 SEG-511443 Femme Footwear Trailblazer Equilibrium,Femme Footwear Trailblazer,B,11,5,0,0,15.97,5
2175,PROD-183541,PROD-138260 SEG-508702 Scholar Footwear Modern Legend Summit,Scholar Footwear Modern Legend,A,40,6,0,1,15.92,6
1665,PROD-170980,PROD-122037 SEG-504465 Junior Apparel Cozy Trousers Varied,Junior Apparel Cozy Trousers,C,18,0,1,2,15.75,1
699,PROD-158935,PROD-168093 SEG-515908 Junior Apparel Cozy Trousers Varied,Junior Apparel Cozy Trousers,C,18,0,1,0,15.4,1
701,PROD-158937,PROD-168095 SEG-515908 Junior Apparel Cozy Trousers Varied,Junior Apparel Cozy Trousers,C,19,1,2,5,15.4,3
367,PROD-146814,PROD-174400 SEG-517037 Junior Apparel Cozy Trousers Varied,Junior Apparel Cozy Trousers,C,14,1,1,5,15.4,2
753,PROD-159691,PROD-170084 SEG-516271 Junior Apparel Gift Bundles Varied,Junior Apparel Gift Bundles,C,16,1,2,2,15.4,3
1622,PROD-170866,PROD-170311 SEG-516317 Junior Apparel Trousers Varied,Junior Apparel Trousers,C,19,0,2,2,15.4,2
1709,PROD-171057,PROD-168037 SEG-515895 Junior Apparel Cozy Trousers Varied,Junior Apparel Cozy Trousers,C,12,0,1,0,15.0,1
372,PROD-146823,PROD-174393 SEG-517035 Junior Apparel Cozy Trousers Varied,Junior Apparel Cozy Trousers,C,19,1,2,1,14.7,3
1671,PROD-170992,PROD-122007 SEG-504457 Junior Apparel Cozy Pullovers Varied,Junior Apparel Cozy Pullovers,C,19,0,1,4,14.7,1
392,PROD-148304,PROD-125416 SEG-505345 Junior Apparel Printed Tees Varied,Junior Apparel Printed Tees,C,14,0,2,7,14.5,2
135,PROD-123288,PROD-102556 SEG-500349 Scholar Footwear Trailblazer Equilibrium,Scholar Footwear Trailblazer,A,38,30,0,0,14.19,30
1418,PROD-169351,PROD-168322 SEG-515961 Junior Apparel Gift Bundles Varied,Junior Apparel Gift Bundles,C,12,0,1,0,14.0,1
951,PROD-163266,PROD-186854 SEG-519882 Junior Apparel Printed Tees Varied,Junior Apparel Printed Tees,C,19,0,2,7,14.0,2
1425,PROD-169358,PROD-168318 SEG-515960 Junior Apparel Gift Bundles Varied,Junior Apparel Gift Bundles,C,12,0,1,0,14.0,1
1367,PROD-168862,PROD-148709 SEG-511377 Femme Footwear Trailblazer Equilibrium,Femme Footwear Trailblazer,A,22,10,0,2,13.690000000000001,10
196,PROD-131809,PROD-174402 SEG-517038 Junior Apparel Cozy Trousers Family Line,Junior Apparel Cozy Trousers,C,15,0,1,1,13.3,1
1608,PROD-170849,PROD-168301 SEG-515955 Junior Apparel Cozy Pullovers Varied,Junior Apparel Cozy Pullovers,C,17,1,2,1,13.3,3
194,PROD-131807,PROD-174404 SEG-517038 Junior Apparel Cozy Trousers Family Line,Junior Apparel Cozy Trousers,C,18,0,1,8,13.3,1
994,PROD-165036,PROD-148318 SEG-511260 Junior Apparel Printed Tees Varied,Junior Apparel Printed Tees,C,19,1,0,2,13.09,1
1086,PROD-165959,PROD-149189 SEG-511431 Scholar Footwear Trailblazer Equilibrium,Scholar Footwear Trailblazer,B,27,18,0,0,12.99,18
82,PROD-110041,PROD-189441 SEG-520531 Femme Footwear Boot Collection Plushfoot,Femme Footwear Boot Collection,B,15,13,0,0,12.89,13
575,PROD-154482,PROD-178945 SEG-518009 Femme Footwear Trailblazer Swift Run,Femme Footwear Trailblazer,C,15,11,0,0,12.56,11
373,PROD-146842,PROD-170771 SEG-516389 Junior Apparel Crew Tees Varied,Junior Apparel Crew Tees,C,15,0,1,3,12.25,1
959,PROD-163277,PROD-142552 SEG-509727 Junior Apparel Printed Tees Varied,Junior Apparel Printed Tees,C,11,0,2,2,12.0,2
1402,PROD-169318,PROD-170326 SEG-516321 Junior Apparel Gift Bundles Varied,Junior Apparel Gift Bundles,C,11,0,1,1,11.9,1
2092,PROD-181258,PROD-189521 SEG-520551 Femme Footwear Court Casual Zephyr,Femme Footwear Court Casual,A,40,4,0,0,11.64,4
1089,PROD-165962,PROD-149192 SEG-511431 Scholar Footwear Trailblazer Equilibrium,Scholar Footwear Trailblazer,A,38,24,0,1,11.58,24
1325,PROD-168808,PROD-168344 SEG-515965 Junior Apparel Crew Tees Varied,Junior Apparel Crew Tees,C,19,0,1,0,11.5,1
1322,PROD-168804,PROD-168190 SEG-515931 Junior Apparel Crew Tees Varied,Junior Apparel Crew Tees,C,19,0,1,1,11.5,1
936,PROD-162214,PROD-170215 SEG-516296 Junior Apparel Crew Tees Varied,Junior Apparel Crew Tees,C,16,6,1,1,11.389999999999999,7
909,PROD-161836,PROD-122261 SEG-504512 Junior Apparel Crop Pants Varied,Junior Apparel Crop Pants,C,17,6,1,1,11.389999999999999,7
920,PROD-161870,PROD-170210 SEG-516295 Junior Apparel Crew Tees Varied,Junior Apparel Crew Tees,C,19,4,1,1,11.36,5
897,PROD-161814,PROD-168174 SEG-515928 Junior Apparel Crew Tees Varied,Junior Apparel Crew Tees,C,18,8,1,2,11.309999999999999,9
911,PROD-161840,PROD-122221 SEG-504503 Junior Apparel Crew Tees Varied,Junior Apparel Crew Tees,C,15,8,1,0,11.29,9
703,PROD-158961,PROD-168034 SEG-515894 Junior Apparel Crew Tees Varied,Junior Apparel Crew Tees,C,16,0,1,5,11.2,1
704,PROD-158962,PROD-168033 SEG-515894 Junior Apparel Crew Tees Varied,Junior Apparel Crew Tees,C,16,0,1,5,11.2,1
1659,PROD-170972,PROD-122053 SEG-504469 Junior Apparel Crew Tees Varied,Junior Apparel Crew Tees,C,17,0,1,0,11.2,1
2093,PROD-181259,PROD-189522 SEG-520551 Femme Footwear Court Casual Zephyr,Femme Footwear Court Casual,B,40,5,0,0,11.120000000000001,5
577,PROD-154484,PROD-178946 SEG-518009 Femme Footwear Trailblazer Swift Run,Femme Footwear Trailblazer,B,15,10,0,0,11.09,10
1963,PROD-177184,PROD-191174 SEG-521013 Junior Apparel Printed Tees Varied,Junior Apparel Printed Tees,C,17,0,2,5,11.0,2
2131,PROD-181887,PROD-152291 SEG-512268 Scholar Footwear Trailblazer Zephyr,Scholar Footwear Trailblazer,A,40,6,0,0,10.91,6
1644,PROD-170896,PROD-168156 SEG-515924 Junior Apparel Crew Tees Varied,Junior Apparel Crew Tees,C,12,0,1,1,10.5,1
1581,PROD-170533,PROD-179963 SEG-518122 Scholar Footwear Trailblazer Varied,Scholar Footwear Trailblazer,A,40,9,0,3,10.339999999999996,9
1176,PROD-167099,PROD-109496 SEG-501986 Femme Footwear Trailblazer Stride Pro,Femme Footwear Trailblazer,B,11,8,0,1,10.1,8
785,PROD-159733,PROD-167998 SEG-515885 Junior Apparel Crew Tees Varied,Junior Apparel Crew Tees,C,18,0,1,5,9.8,1
784,PROD-159732,PROD-167999 SEG-515885 Junior Apparel Crew Tees Varied,Junior Apparel Crew Tees,C,16,0,1,3,9.8,1
1218,PROD-168054,PROD-168235 SEG-515941 Junior Apparel Crew Tees Varied,Junior Apparel Crew Tees,C,17,0,1,2,9.8,1
975,PROD-163833,PROD-180109 SEG-518151 Femme Footwear Trailblazer Swift Run,Femme Footwear Trailblazer,A,32,7,0,2,9.71,7
310,PROD-143373,PROD-179672 SEG-518086 Femme Footwear Court Casual Trident,Femme Footwear Court Casual,A,40,7,0,6,9.26,7
2174,PROD-183540,PROD-138256 SEG-508702 Scholar Footwear Modern Legend Summit,Scholar Footwear Modern Legend,A,40,4,0,1,9.14,4
930,PROD-162192,PROD-170291 SEG-516313 Junior Apparel Crew Tees Varied,Junior Apparel Crew Tees,C,17,0,1,2,9.1,1
1451,PROD-169468,PROD-153433 SEG-512518 Femme Footwear Court Casual Zephyr,Femme Footwear Court Casual,A,40,27,0,3,8.8,27
491,PROD-152428,PROD-171769 SEG-516576 Scholar Footwear Hardcourt Zephyr,Scholar Footwear Hardcourt,A,30,16,0,3,8.209999999999999,16
1720,PROD-171873,PROD-121132 SEG-504184 Junior Apparel Crop Pants Varied,Junior Apparel Crop Pants,C,8,0,1,2,8.0,1
228,PROD-138265,PROD-100199 SEG-500039 Scholar Footwear Trailblazer Equilibrium,Scholar Footwear Trailblazer,A,39,20,0,9,7.819999999999999,20
1625,PROD-170869,PROD-170306 SEG-516316 Junior Apparel Trousers Varied,Junior Apparel Trousers,C,20,1,2,4,7.7,3
391,PROD-148303,PROD-125417 SEG-505345 Junior Apparel Printed Tees Varied,Junior Apparel Printed Tees,C,14,0,1,9,7.25,1
2318,PROD-193909,PROD-116114 SEG-502743 Scholar Footwear Trainer Zephyr,Scholar Footwear Trainer,A,40,15,0,2,7.21,15
571,PROD-154478,PROD-178953 SEG-518009 Femme Footwear Trailblazer Swift Run,Femme Footwear Trailblazer,B,14,7,0,2,7.2,7
648,PROD-157713,PROD-121890 SEG-504415 Junior Apparel Printed Tees Varied,Junior Apparel Printed Tees,C,19,0,1,4,7.0,1
1452,PROD-169469,PROD-153434 SEG-512518 Femme Footwear Court Casual Zephyr,Femme Footwear Court Casual,A,40,23,0,1,7.0,23
635,PROD-157429,PROD-130591 SEG-506721 Junior Apparel Printed Tees Varied,Junior Apparel Printed Tees,C,16,0,1,3,7.0,1
629,PROD-157406,PROD-161458 SEG-514699 Junior Apparel Printed Tees Varied,Junior Apparel Printed Tees,C,13,0,1,4,7.0,1
1634,PROD-170878,PROD-170299 SEG-516314 Junior Apparel Crew Tees Varied,Junior Apparel Crew Tees,C,19,0,1,8,7.0,1
628,PROD-157403,PROD-148447 SEG-511311 Junior Apparel Printed Tees Varied,Junior Apparel Printed Tees,C,17,0,1,6,7.0,1
691,PROD-158896,PROD-168081 SEG-515905 Junior Apparel Crew Tees Varied,Junior Apparel Crew Tees,C,17,0,1,3,7.0,1
997,PROD-165040,PROD-191923 SEG-521222 Junior Apparel Printed Tees Varied,Junior Apparel Printed Tees,C,19,0,1,10,7.0,1
653,PROD-157730,PROD-184508 SEG-519241 Junior Apparel Printed Tees Varied,Junior Apparel Printed Tees,C,18,0,1,3,7.0,1
2212,PROD-184554,PROD-109151 SEG-501924 Junior Apparel Printed Tees Varied,Junior Apparel Printed Tees,C,19,0,1,6,6.75,1
2211,PROD-184553,PROD-109152 SEG-501924 Junior Apparel Printed Tees Varied,Junior Apparel Printed Tees,C,19,1,2,3,6.75,3
953,PROD-163269,PROD-134243 SEG-507582 Junior Apparel Printed Tees Varied,Junior Apparel Printed Tees,C,18,0,1,4,6.75,1
636,PROD-157483,PROD-155889 SEG-513288 Junior Apparel Printed Tees Varied,Junior Apparel Printed Tees,C,17,0,1,3,6.75,1
954,PROD-163270,PROD-134246 SEG-507582 Junior Apparel Printed Tees Varied,Junior Apparel Printed Tees,C,17,0,1,8,6.75,1
2182,PROD-183713,PROD-121311 SEG-504230 Junior Apparel Printed Tees Varied,Junior Apparel Printed Tees,C,17,0,1,4,6.75,1
2185,PROD-183716,PROD-128351 SEG-506173 Junior Apparel Printed Tees Varied,Junior Apparel Printed Tees,C,19,0,1,4,6.75,1
171,PROD-124597,PROD-100989 SEG-500125 Toddler Footwear Flight Classic Zephyr,Scholar Footwear Flight Classic,A,32,26,0,0,6.700000000000005,26
600,PROD-156692,PROD-104011 SEG-500567 Scholar Footwear Trailblazer Equilibrium,Scholar Footwear Trailblazer,B,25,9,0,3,6.5,9
1458,PROD-169475,PROD-153440 SEG-512518 Femme Footwear Court Casual Zephyr,Femme Footwear Court Casual,A,40,28,0,1,6.48,28
269,PROD-139867,PROD-100449 SEG-500065 Scholar Footwear Trailblazer Equilibrium,Scholar Footwear Trailblazer,A,40,29,0,4,6.4799999999999995,29
974,PROD-163832,PROD-180108 SEG-518151 Femme Footwear Trailblazer Swift Run,Femme Footwear Trailblazer,A,32,7,0,2,6.42,7
14,PROD-100362,PROD-164484 SEG-515310 Femme Footwear Court Casual Zephyr,Femme Footwear Court Casual,A,40,17,0,4,6.38,17
787,PROD-159852,PROD-184589 SEG-519271 Junior Apparel Printed Tees Varied,Junior Apparel Printed Tees,C,12,0,1,1,6.25,1
958,PROD-163276,PROD-142553 SEG-509727 Junior Apparel Printed Tees Varied,Junior Apparel Printed Tees,C,15,0,1,3,6.0,1
127,PROD-121530,PROD-102946 SEG-500406 Scholar Footwear Court Casual Trident,Scholar Footwear Court Casual,A,40,20,0,7,5.800000000000001,20
963,PROD-163282,PROD-184540 SEG-519252 Junior Apparel Printed Tees Varied,Junior Apparel Printed Tees,C,17,0,1,3,5.75,1
1179,PROD-167103,PROD-109491 SEG-501986 Femme Footwear Trailblazer Stride Pro,Femme Footwear Trailblazer,B,13,5,0,0,5.709999999999999,5
1961,PROD-177182,PROD-191176 SEG-521013 Junior Apparel Printed Tees Varied,Junior Apparel Printed Tees,C,12,0,1,1,5.5,1
1967,PROD-177188,PROD-182469 SEG-518722 Junior Apparel Printed Tees Varied,Junior Apparel Printed Tees,C,16,0,1,6,5.5,1
1968,PROD-177189,PROD-182472 SEG-518722 Junior Apparel Printed Tees Varied,Junior Apparel Printed Tees,C,17,0,1,6,5.5,1
1164,PROD-166367,PROD-102545 SEG-500347 Scholar Footwear Trailblazer Equilibrium,Scholar Footwear Trailblazer,A,40,21,0,4,5.409999999999999,21
2144,PROD-183448,PROD-114066 SEG-502516 Heritage Footwear Retro Legend Summit,Scholar Footwear Retro Legend,A,40,24,0,0,5.249999999999986,24
2061,PROD-180706,PROD-190637 SEG-520887 Femme Footwear Court Casual Trident,Femme Footwear Court Casual,B,39,7,0,0,5.13,7
995,PROD-165037,PROD-148321 SEG-511260 Junior Apparel Printed Tees Varied,Junior Apparel Printed Tees,C,17,2,0,2,5.09,2
1372,PROD-168867,PROD-148714 SEG-511377 Femme Footwear Trailblazer Equilibrium,Femme Footwear Trailblazer,A,21,14,0,1,4.87,14
654,PROD-158028,PROD-121827 SEG-504391 Junior Apparel Printed Tees Varied,Junior Apparel Printed Tees,C,17,0,1,6,4.5,1
1161,PROD-166364,PROD-102542 SEG-500347 Scholar Footwear Trailblazer Equilibrium,Scholar Footwear Trailblazer,A,40,18,0,5,4.38,18
978,PROD-163836,PROD-180103 SEG-518151 Femme Footwear Trailblazer Swift Run,Femme Footwear Trailblazer,B,32,8,0,1,4.2700000000000005,8
381,PROD-147347,PROD-122506 SEG-504591 Scholar Footwear Court Casual Trident,Scholar Footwear Court Casual,B,32,8,0,5,4.26,8
2177,PROD-183546,PROD-138274 SEG-508703 Scholar Footwear Modern Legend Summit,Scholar Footwear Modern Legend,A,40,16,0,0,4.039999999999999,16
270,PROD-139868,PROD-100442 SEG-500065 Scholar Footwear Trailblazer Equilibrium,Scholar Footwear Trailblazer,A,40,14,0,5,3.94,14
1113,PROD-166139,PROD-149088 SEG-511421 Femme Footwear Trailblazer Equilibrium,Femme Footwear Trailblazer,A,40,5,0,1,3.8099999999999996,5
1374,PROD-168869,PROD-148716 SEG-511377 Femme Footwear Trailblazer Equilibrium,Femme Footwear Trailblazer,B,22,8,0,0,3.8,8
2148,PROD-183452,PROD-114072 SEG-502516 Heritage Footwear Retro Legend Summit,Scholar Footwear Retro Legend,A,40,22,0,0,3.529999999999987,22
2095,PROD-181261,PROD-189515 SEG-520551 Femme Footwear Court Casual Zephyr,Femme Footwear Court Casual,A,40,8,0,0,3.4499999999999997,8
1116,PROD-166142,PROD-149091 SEG-511421 Femme Footwear Trailblazer Equilibrium,Femme Footwear Trailblazer,B,40,3,0,0,3.1099999999999994,3
1924,PROD-176416,PROD-160175 SEG-514431 Femme Footwear Trailblazer Varied,Femme Footwear Trailblazer,B,20,5,0,0,3.04,5
1015,PROD-165157,PROD-108134 SEG-501616 Junior Apparel Crop Pants Varied,Junior Apparel Crop Pants,C,12,2,0,1,2.98,2
1923,PROD-176415,PROD-160174 SEG-514431 Femme Footwear Trailblazer Varied,Femme Footwear Trailblazer,B,14,4,0,1,2.94,4
16,PROD-100433,PROD-164663 SEG-515333 Scholar Footwear Court Casual Zephyr,Scholar Footwear Court Casual,A,40,19,0,10,2.89,19
1784,PROD-175311,PROD-113753 SEG-502494 Scholar Footwear Retro Legend Summit,Scholar Footwear Retro Legend,A,27,6,0,2,2.7700000000000005,6
1117,PROD-166143,PROD-149092 SEG-511421 Femme Footwear Trailblazer Equilibrium,Femme Footwear Trailblazer,B,40,4,0,0,2.2,4
2124,PROD-181849,PROD-152533 SEG-512313 Scholar Footwear Court Casual Zephyr,Scholar Footwear Court Casual,A,40,5,0,4,2.16,5
1103,PROD-166111,PROD-149343 SEG-511444 Femme Footwear Trailblazer Equilibrium,Femme Footwear Trailblazer,B,40,3,0,0,2.13,3
2208,PROD-184465,PROD-179900 SEG-518118 Scholar Footwear Trailblazer Swift Run,Scholar Footwear Trailblazer,A,40,1,0,11,2.08,1
2203,PROD-184460,PROD-179895 SEG-518118 Scholar Footwear Trailblazer Swift Run,Scholar Footwear Trailblazer,A,40,1,0,6,2.08,1
2094,PROD-181260,PROD-189523 SEG-520551 Femme Footwear Court Casual Zephyr,Femme Footwear Court Casual,B,40,9,0,0,2.04,9
2062,PROD-180708,PROD-190639 SEG-520887 Femme Footwear Court Casual Trident,Femme Footwear Court Casual,B,39,10,0,0,2.03,10
1580,PROD-170532,PROD-179962 SEG-518122 Scholar Footwear Trailblazer Varied,Scholar Footwear Trailblazer,A,40,10,0,4,1.8499999999999979,10
1056,PROD-165924,PROD-148633 SEG-511367 Scholar Footwear Trailblazer Equilibrium,Scholar Footwear Trailblazer,A,40,6,1,9,1.8400000000000016,7
530,PROD-153624,PROD-148814 SEG-511388 Scholar Footwear Trailblazer Equilibrium,Scholar Footwear Trailblazer,A,28,16,0,0,1.7600000000000002,16
139,PROD-123292,PROD-102560 SEG-500349 Scholar Footwear Trailblazer Equilibrium,Scholar Footwear Trailblazer,A,40,25,0,6,1.6799999999999988,25
1273,PROD-168542,PROD-187335 SEG-520074 Femme Footwear Boot Collection Plushfoot,Femme Footwear Boot Collection,B,17,4,0,1,1.6300000000000001,4
479,PROD-152222,PROD-149103 SEG-511422 Scholar Footwear Trailblazer Equilibrium,Scholar Footwear Trailblazer,A,40,3,0,13,1.62,3
1248,PROD-168129,PROD-170404 SEG-516332 Femme Footwear Court Casual Trident,Femme Footwear Court Casual,B,40,38,0,0,1.47,38
2066,PROD-180712,PROD-190643 SEG-520887 Femme Footwear Court Casual Trident,Femme Footwear Court Casual,B,39,8,0,0,1.35,8
15,PROD-100364,PROD-164488 SEG-515310 Femme Footwear Court Casual Zephyr,Femme Footwear Court Casual,B,40,17,0,0,1.3,17
85,PROD-110206,PROD-124804 SEG-505212 Femme Footwear Boot Collection Plushfoot,Femme Footwear Boot Collection,B,13,2,0,0,1.2400000000000002,2
1119,PROD-166148,PROD-149158 SEG-511427 Femme Footwear Trailblazer Equilibrium,Femme Footwear Trailblazer,C,13,2,0,0,1.24,2
203,PROD-135672,PROD-179808 SEG-518100 Femme Footwear Court Casual Trident,Femme Footwear Court Casual,C,25,9,0,3,1.24,9
23,PROD-100440,PROD-164661 SEG-515333 Scholar Footwear Court Casual Zephyr,Scholar Footwear Court Casual,A,40,16,0,3,1.22,16
1443,PROD-169452,PROD-173860 SEG-516960 Femme Footwear Flight Classic Varied,Femme Footwear Flight Classic,B,40,8,0,2,1.16,8
1169,PROD-166971,PROD-117529 SEG-503062 Scholar Footwear Trailblazer Stride Pro,Scholar Footwear Trailblazer,A,11,5,0,1,1.16,5
1118,PROD-166147,PROD-149157 SEG-511427 Femme Footwear Trailblazer Equilibrium,Femme Footwear Trailblazer,B,14,4,0,0,1.16,4
1053,PROD-165921,PROD-148630 SEG-511367 Scholar Footwear Trailblazer Equilibrium,Scholar Footwear Trailblazer,A,40,3,0,0,1.13,3
1267,PROD-168536,PROD-187329 SEG-520073 Femme Footwear Boot Collection Plushfoot,Femme Footwear Boot Collection,B,17,4,0,2,1.1099999999999999,4
1516,PROD-170094,PROD-102659 SEG-500365 Scholar Footwear Trailblazer Zephyr,Scholar Footwear Trailblazer,A,40,12,0,1,1.0899999999999999,12
1160,PROD-166363,PROD-102541 SEG-500347 Scholar Footwear Trailblazer Equilibrium,Scholar Footwear Trailblazer,A,40,16,0,3,1.0499999999999998,16
2118,PROD-181843,PROD-152525 SEG-512313 Scholar Footwear Court Casual Zephyr,Scholar Footwear Court Casual,B,40,4,0,0,1.03,4
141,PROD-123294,PROD-102554 SEG-500349 Scholar Footwear Trailblazer Equilibrium,Scholar Footwear Trailblazer,A,38,24,0,0,1.020000000000005,24
2002,PROD-179166,PROD-148797 SEG-511387 Femme Footwear Trailblazer Equilibrium,Femme Footwear Trailblazer,B,15,2,0,4,1.01,2
1167,PROD-166969,PROD-117527 SEG-503062 Scholar Footwear Trailblazer Stride Pro,Scholar Footwear Trailblazer,B,13,6,1,2,0.9200000000000017,7
1515,PROD-170093,PROD-102656 SEG-500365 Scholar Footwear Trailblazer Zephyr,Scholar Footwear Trailblazer,A,40,11,0,4,0.92,11
146,PROD-123504,PROD-171492 SEG-516513 Junior Apparel Crop Pants Zephyr,Junior Apparel Crop Pants,C,16,9,0,0,0.88,9
1514,PROD-170092,PROD-102657 SEG-500365 Scholar Footwear Trailblazer Zephyr,Scholar Footwear Trailblazer,A,40,12,0,5,0.82,12
218,PROD-138121,PROD-189888 SEG-520643 Femme Footwear Boot Collection Plushfoot,Femme Footwear Boot Collection,B,17,4,0,0,0.77,4
232,PROD-138971,PROD-122114 SEG-504481 Junior Apparel Cozy Pullovers Varied,Junior Apparel Cozy Pullovers,C,19,13,0,2,0.75,13
1775,PROD-174909,PROD-173736 SEG-516945 Scholar Footwear Trailblazer Zephyr,Scholar Footwear Trailblazer,A,25,9,0,1,0.7300000000000006,9
441,PROD-152047,PROD-166021 SEG-515561 Scholar Footwear Modern Legend Summit,Scholar Footwear Modern Legend,A,37,26,0,0,0.7,26
841,PROD-160838,PROD-163117 SEG-515001 Scholar Footwear Retro Legend Summit,Scholar Footwear Retro Legend,A,25,17,0,0,0.69,17
1105,PROD-166113,PROD-149345 SEG-511444 Femme Footwear Trailblazer Equilibrium,Femme Footwear Trailblazer,B,40,3,0,1,0.69,3
817,PROD-160715,PROD-188562 SEG-520369 Scholar Footwear Trailblazer Zephyr,Scholar Footwear Trailblazer,B,40,19,0,1,0.6299999999999997,19
222,PROD-138259,PROD-100193 SEG-500039 Scholar Footwear Trailblazer Equilibrium,Scholar Footwear Trailblazer,A,37,17,0,3,0.56,17
2120,PROD-181845,PROD-152528 SEG-512313 Scholar Footwear Court Casual Zephyr,Scholar Footwear Court Casual,A,40,9,0,0,0.54,9
1247,PROD-168126,PROD-170401 SEG-516332 Femme Footwear Court Casual Trident,Femme Footwear Court Casual,B,40,37,0,0,0.52,37
17,PROD-100434,PROD-164662 SEG-515333 Scholar Footwear Court Casual Zephyr,Scholar Footwear Court Casual,A,40,18,0,16,0.5199999999999999,18
1172,PROD-167090,PROD-109523 SEG-501989 Femme Footwear Trailblazer Stride Pro,Femme Footwear Trailblazer,B,7,2,0,0,0.5,2
485,PROD-152237,PROD-107889 SEG-501566 Scholar Footwear Trailblazer Equilibrium,Scholar Footwear Trailblazer,A,36,22,0,5,0.4900000000000002,22
2316,PROD-193907,PROD-116112 SEG-502743 Scholar Footwear Trainer Zephyr,Scholar Footwear Trainer,A,40,26,0,0,0.4800000000000001,26
1262,PROD-168531,PROD-187330 SEG-520073 Femme Footwear Boot Collection Plushfoot,Femme Footwear Boot Collection,A,17,5,0,4,0.47,5
481,PROD-152224,PROD-149105 SEG-511422 Scholar Footwear Trailblazer Equilibrium,Scholar Footwear Trailblazer,A,40,1,0,23,0.46,1
1173,PROD-167091,PROD-109524 SEG-501989 Femme Footwear Trailblazer Stride Pro,Femme Footwear Trailblazer,B,7,1,0,1,0.43,1
1051,PROD-165919,PROD-148628 SEG-511367 Scholar Footwear Trailblazer Equilibrium,Scholar Footwear Trailblazer,B,40,2,0,1,0.42,2
1052,PROD-165920,PROD-148629 SEG-511367 Scholar Footwear Trailblazer Equilibrium,Scholar Footwear Trailblazer,B,40,2,0,0,0.39999999999999997,2
1768,PROD-173844,PROD-179483 SEG-518069 Femme Footwear Court Casual Trident,Femme Footwear Court Casual,B,40,4,0,0,0.34,4
1771,PROD-173847,PROD-179486 SEG-518069 Femme Footwear Court Casual Trident,Femme Footwear Court Casual,B,40,9,0,2,0.32999999999999996,9
520,PROD-152649,PROD-173991 SEG-516979 Femme Footwear Trailblazer Zephyr,Femme Footwear Trailblazer,B,40,28,0,1,0.28,28
145,PROD-123503,PROD-171493 SEG-516513 Junior Apparel Crop Pants Zephyr,Junior Apparel Crop Pants,C,18,6,0,1,0.26,6
433,PROD-151818,PROD-112349 SEG-502368 Scholar Footwear Modern Legend Summit,Scholar Footwear Modern Legend,A,27,21,0,0,0.26,21
31,PROD-100455,PROD-100812 SEG-500112 Heritage Footwear Flight Classic Zephyr,Femme Footwear Flight Classic,A,40,2,0,16,0.25,2
185,PROD-129494,PROD-102670 SEG-500366 Femme Footwear Trailblazer Zephyr,Femme Footwear Trailblazer,A,40,2,0,1,0.25,2
333,PROD-145800,PROD-171405 SEG-516492 Scholar Footwear Modern Legend Summit,Scholar Footwear Modern Legend,B,40,25,0,2,0.25,25
189,PROD-129498,PROD-102663 SEG-500366 Femme Footwear Trailblazer Zephyr,Femme Footwear Trailblazer,A,40,2,0,1,0.24000000000000002,2
1591,PROD-170799,PROD-187379 SEG-520081 Femme Footwear Boot Collection Plushfoot,Femme Footwear Boot Collection,B,17,1,0,1,0.24,1
1438,PROD-169446,PROD-173854 SEG-516960 Femme Footwear Flight Classic Varied,Femme Footwear Flight Classic,C,40,4,0,0,0.22999999999999998,4
1266,PROD-168535,PROD-187328 SEG-520073 Femme Footwear Boot Collection Plushfoot,Femme Footwear Boot Collection,A,19,5,0,3,0.22000000000000003,5
181,PROD-129490,PROD-102666 SEG-500366 Femme Footwear Trailblazer Zephyr,Femme Footwear Trailblazer,B,40,2,0,1,0.2,2
1175,PROD-167098,PROD-109495 SEG-501986 Femme Footwear Trailblazer Stride Pro,Femme Footwear Trailblazer,C,11,5,0,1,0.1800000000000001,5
758,PROD-159698,PROD-154000 SEG-512642 Scholar Footwear Trailblazer Zephyr,Scholar Footwear Trailblazer,A,34,22,0,3,0.18,22
1187,PROD-167513,PROD-149320 SEG-511441 Scholar Footwear Trailblazer Equilibrium,Scholar Footwear Trailblazer,A,21,11,0,0,0.17,11
1770,PROD-173846,PROD-179485 SEG-518069 Femme Footwear Court Casual Trident,Femme Footwear Court Casual,B,40,2,0,0,0.15,2
921,PROD-161879,PROD-170200 SEG-516293 Junior Apparel Crop Pants Varied,Junior Apparel Crop Pants,C,16,7,0,1,0.15,7
1738,PROD-172730,PROD-179983 SEG-518123 Scholar Footwear Trailblazer Swift Run,Scholar Footwear Trailblazer,A,40,17,0,7,0.13999999999999999,17
334,PROD-145802,PROD-171407 SEG-516492 Scholar Footwear Modern Legend Summit,Scholar Footwear Modern Legend,B,39,23,0,1,0.13,23
338,PROD-145810,PROD-171338 SEG-516482 Toddler Footwear Modern Legend Summit,Scholar Footwear Modern Legend,A,34,19,0,2,0.12000000000000001,19
1104,PROD-166112,PROD-149344 SEG-511444 Femme Footwear Trailblazer Equilibrium,Femme Footwear Trailblazer,A,40,1,0,1,0.12,1
887,PROD-161779,PROD-188024 SEG-520261 Femme Footwear Trailblazer Zephyr,Femme Footwear Trailblazer,A,24,1,0,4,0.12,1
428,PROD-151810,PROD-166071 SEG-515566 Scholar Footwear Modern Legend Summit,Scholar Footwear Modern Legend,A,33,26,0,0,0.11,26
513,PROD-152565,PROD-110402 SEG-502157 Femme Footwear Flight Classic Varied,Femme Footwear Flight Classic,C,13,10,0,0,0.11,10
762,PROD-159702,PROD-153992 SEG-512641 Scholar Footwear Trailblazer Zephyr,Scholar Footwear Trailblazer,B,22,14,0,0,0.1,14
182,PROD-129491,PROD-102667 SEG-500366 Femme Footwear Trailblazer Zephyr,Femme Footwear Trailblazer,B,40,1,0,0,0.09,1
2227,PROD-184802,PROD-152334 SEG-512271 Scholar Footwear Trailblazer Zephyr,Scholar Footwear Trailblazer,A,40,5,0,0,0.08,5
774,PROD-159720,PROD-154007 SEG-512643 Scholar Footwear Trailblazer Zephyr,Scholar Footwear Trailblazer,A,40,16,0,5,0.08,16
187,PROD-129496,PROD-102672 SEG-500366 Femme Footwear Trailblazer Zephyr,Femme Footwear Trailblazer,A,40,1,0,2,0.08,1
588,PROD-156267,PROD-188110 SEG-520271 Femme Footwear Trailblazer Zephyr,Femme Footwear Trailblazer,B,17,12,0,0,0.08,12
239,PROD-138994,PROD-122098 SEG-504478 Junior Apparel Cozy Pullovers Varied,Junior Apparel Cozy Pullovers,B,19,1,0,11,0.08,1
584,PROD-156258,PROD-176915 SEG-517496 Femme Footwear Trailblazer Zephyr,Femme Footwear Trailblazer,B,16,9,0,2,0.07,9
143,PROD-123476,PROD-171459 SEG-516505 Junior Apparel Cozy Trousers Zephyr,Junior Apparel Cozy Trousers,C,19,1,0,1,0.07,1
1442,PROD-169451,PROD-173859 SEG-516960 Femme Footwear Flight Classic Varied,Femme Footwear Flight Classic,B,40,7,0,0,0.07,7
2225,PROD-184800,PROD-152332 SEG-512271 Scholar Footwear Trailblazer Zephyr,Scholar Footwear Trailblazer,A,40,2,0,1,0.06999999999999999,2
1736,PROD-172728,PROD-179981 SEG-518123 Scholar Footwear Trailblazer Swift Run,Scholar Footwear Trailblazer,A,40,11,0,9,0.06999999999999998,11
902,PROD-161820,PROD-122256 SEG-504511 Junior Apparel Crop Pants Varied,Junior Apparel Crop Pants,C,17,6,0,1,0.06,6
278,PROD-140872,PROD-100432 SEG-500064 Scholar Footwear Boot Collection Woodland,Scholar Footwear Boot Collection,A,40,1,0,17,0.06,1
521,PROD-152708,PROD-166588 SEG-515644 Femme Footwear Trailblazer Zephyr,Femme Footwear Trailblazer,B,40,10,0,1,0.06,10
183,PROD-129492,PROD-102668 SEG-500366 Femme Footwear Trailblazer Zephyr,Femme Footwear Trailblazer,A,40,3,0,0,0.06,3
411,PROD-151043,PROD-116232 SEG-502762 Femme Footwear Modern Legend Summit,Femme Footwear Modern Legend,B,15,7,0,4,0.05,7
180,PROD-127974,PROD-168575 SEG-515991 Femme Footwear Court Casual Trident,Femme Footwear Court Casual,B,25,16,0,1,0.05,16
444,PROD-152052,PROD-137082 SEG-508388 Scholar Footwear Modern Legend Summit,Scholar Footwear Modern Legend,A,35,19,0,2,0.05,19
420,PROD-151547,PROD-162853 SEG-514987 Scholar Footwear Retro Legend Summit,Scholar Footwear Retro Legend,B,13,11,0,0,0.05,11
589,PROD-156268,PROD-188111 SEG-520271 Femme Footwear Trailblazer Zephyr,Femme Footwear Trailblazer,B,22,12,0,3,0.05,12
824,PROD-160768,PROD-137090 SEG-508389 Scholar Footwear Modern Legend Summit,Scholar Footwear Modern Legend,A,40,12,0,9,0.05,12
1590,PROD-170797,PROD-187377 SEG-520081 Femme Footwear Boot Collection Plushfoot,Femme Footwear Boot Collection,B,17,1,0,0,0.05,1
901,PROD-161819,PROD-122257 SEG-504511 Junior Apparel Crop Pants Varied,Junior Apparel Crop Pants,C,16,6,0,1,0.05,6
533,PROD-153653,PROD-148897 SEG-511399 Scholar Footwear Court Casual Varied,Scholar Footwear Court Casual,A,25,13,0,4,0.05,13
898,PROD-161815,PROD-168173 SEG-515928 Junior Apparel Crew Tees Varied,Junior Apparel Crew Tees,C,18,9,0,3,0.05,9
1469,PROD-169494,PROD-115613 SEG-502679 Femme Footwear Trailblazer Zephyr,Femme Footwear Trailblazer,B,12,1,0,0,0.05,1
1735,PROD-172727,PROD-179980 SEG-518123 Scholar Footwear Trailblazer Swift Run,Scholar Footwear Trailblazer,A,40,8,0,10,0.04999999999999999,8
1772,PROD-173848,PROD-179487 SEG-518069 Femme Footwear Court Casual Trident,Femme Footwear Court Casual,B,40,5,0,1,0.04999999999999999,5
773,PROD-159719,PROD-154008 SEG-512643 Scholar Footwear Trailblazer Zephyr,Scholar Footwear Trailblazer,B,22,15,0,1,0.04,15
523,PROD-152711,PROD-166591 SEG-515644 Femme Footwear Trailblazer Zephyr,Femme Footwear Trailblazer,B,40,8,0,2,0.04,8
905,PROD-161831,PROD-168198 SEG-515933 Junior Apparel Crew Tees Varied,Junior Apparel Crew Tees,C,17,5,0,2,0.04,5
2298,PROD-192664,PROD-101620 SEG-500213 Scholar Footwear Canvas Styles Canvas Co,Scholar Footwear Canvas Styles,B,35,13,0,3,0.04,13
153,PROD-123535,PROD-169845 SEG-516218 Junior Apparel Crop Pants Zephyr,Junior Apparel Crop Pants,C,19,8,0,5,0.04,8
152,PROD-123534,PROD-169846 SEG-516218 Junior Apparel Crop Pants Zephyr,Junior Apparel Crop Pants,C,19,7,0,1,0.04,7
1276,PROD-168546,PROD-187361 SEG-520078 Femme Footwear Boot Collection Plushfoot,Femme Footwear Boot Collection,A,21,6,0,0,0.04,6
155,PROD-123537,PROD-169849 SEG-516218 Junior Apparel Crop Pants Zephyr,Junior Apparel Crop Pants,C,17,10,0,1,0.039999999999999994,10
524,PROD-152719,PROD-173380 SEG-516907 Scholar Footwear Flight Classic Zephyr,Scholar Footwear Flight Classic,B,28,10,0,4,0.039999999999999994,10
1100,PROD-166103,PROD-149228 SEG-511433 Femme Footwear Trailblazer Equilibrium,Femme Footwear Trailblazer,C,14,11,0,0,0.03,11
581,PROD-156254,PROD-176911 SEG-517496 Femme Footwear Trailblazer Zephyr,Femme Footwear Trailblazer,B,16,9,0,1,0.03,9
418,PROD-151404,PROD-170220 SEG-516297 Junior Apparel Cozy Pullovers Varied,Junior Apparel Cozy Pullovers,C,14,9,0,0,0.03,9
720,PROD-159577,PROD-154050 SEG-512650 Scholar Footwear Hardcourt Zephyr,Scholar Footwear Hardcourt,A,13,4,0,1,0.03,4
1363,PROD-168858,PROD-148664 SEG-511371 Femme Footwear Trailblazer Equilibrium,Femme Footwear Trailblazer,B,22,6,0,5,0.02,6
660,PROD-158527,PROD-174038 SEG-516985 Femme Footwear Court Casual Zephyr,Femme Footwear Court Casual,B,40,6,0,4,0.02,6
1099,PROD-166102,PROD-149227 SEG-511433 Femme Footwear Trailblazer Equilibrium,Femme Footwear Trailblazer,C,14,5,0,0,0.02,5
924,PROD-161960,PROD-153475 SEG-512523 Femme Footwear Court Casual Zephyr,Femme Footwear Court Casual,B,14,2,0,1,0.02,2
497,PROD-152517,PROD-174083 SEG-516990 Femme Footwear Court Casual Zephyr,Femme Footwear Court Casual,B,16,3,0,3,0.02,3
1929,PROD-176433,PROD-163503 SEG-515104 Femme Footwear Trailblazer Varied,Femme Footwear Trailblazer,C,27,1,0,0,0.02,1
717,PROD-159574,PROD-154043 SEG-512650 Scholar Footwear Hardcourt Zephyr,Scholar Footwear Hardcourt,A,14,4,0,2,0.02,4
662,PROD-158529,PROD-174040 SEG-516985 Femme Footwear Court Casual Zephyr,Femme Footwear Court Casual,B,40,4,0,1,0.02,4
719,PROD-159576,PROD-154046 SEG-512650 Scholar Footwear Hardcourt Zephyr,Scholar Footwear Hardcourt,A,14,10,0,0,0.02,10
443,PROD-152050,PROD-137080 SEG-508388 Scholar Footwear Modern Legend Summit,Scholar Footwear Modern Legend,A,27,14,0,1,0.02,14
427,PROD-151809,PROD-166072 SEG-515566 Scholar Footwear Modern Legend Summit,Scholar Footwear Modern Legend,B,30,19,0,0,0.019999999999999997,19
592,PROD-156276,PROD-188069 SEG-520267 Femme Footwear Trailblazer Zephyr,Femme Footwear Trailblazer,A,33,26,1,2,0.019999999999998012,27
454,PROD-152099,PROD-170895 SEG-516410 Scholar Footwear Modern Legend Summit,Scholar Footwear Modern Legend,B,27,16,0,3,0.010000000000000005,16
1769,PROD-173845,PROD-179484 SEG-518069 Femme Footwear Court Casual Trident,Femme Footwear Court Casual,B,40,4,0,2,0.010000000000000004,4
1360,PROD-168855,PROD-148661 SEG-511371 Femme Footwear Trailblazer Equilibrium,Femme Footwear Trailblazer,B,22,3,0,1,0.01,3
1153,PROD-166192,PROD-148929 SEG-511403 Femme Footwear Trailblazer Equilibrium,Femme Footwear Trailblazer,C,19,1,0,0,0.01,1
896,PROD-161813,PROD-168175 SEG-515928 Junior Apparel Crew Tees Varied,Junior Apparel Crew Tees,C,18,9,0,2,0.01,9
804,PROD-160655,PROD-136987 SEG-508377 Femme Footwear Modern Legend Summit,Femme Footwear Modern Legend,C,8,2,0,4,0.01,2
67,PROD-104234,PROD-124866 SEG-505231 Scholar Footwear Boot Collection Plushfoot,Scholar Footwear Boot Collection,A,16,1,0,5,0.01,1
885,PROD-161777,PROD-188022 SEG-520261 Femme Footwear Trailblazer Zephyr,Femme Footwear Trailblazer,B,14,1,0,2,0.01,1
1375,PROD-168875,PROD-148699 SEG-511376 Femme Footwear Trailblazer Equilibrium,Femme Footwear Trailblazer,B,40,3,0,0,0.01,3
1928,PROD-176432,PROD-163502 SEG-515104 Femme Footwear Trailblazer Varied,Femme Footwear Trailblazer,B,27,1,0,0,0.01,1
1249,PROD-168226,PROD-143976 SEG-510129 Heritage Footwear Trailblazer Equilibrium,Scholar Footwear Trailblazer,A,14,1,0,4,0.01,1
412,PROD-151073,PROD-116254 SEG-502764 Femme Footwear Modern Legend Summit,Femme Footwear Modern Legend,C,9,1,0,0,0.01,1
639,PROD-157527,PROD-122573 SEG-504599 Femme Footwear Court Casual Trident,Femme Footwear Court Casual,B,18,5,0,0,0.01,5
792,PROD-159965,PROD-175215 SEG-517208 Scholar Footwear Hardcourt Varied,Scholar Footwear Hardcourt,B,23,12,0,4,0.01,12
663,PROD-158530,PROD-174032 SEG-516985 Femme Footwear Court Casual Zephyr,Femme Footwear Court Casual,B,40,5,0,1,0.01,5
776,PROD-159722,PROD-154009 SEG-512643 Scholar Footwear Trailblazer Zephyr,Scholar Footwear Trailblazer,A,39,21,0,9,1.734723475976807e-18,21
711,PROD-158973,PROD-168069 SEG-515902 Junior Apparel Gift Bundles Varied,Junior Apparel Gift Bundles,C,10,0,0,1,0.0,0
712,PROD-159365,PROD-103391 SEG-500461 Scholar Footwear Canvas Styles Drifter,Scholar Footwear Canvas Styles,B,27,0,0,10,0.0,0
714,PROD-159367,PROD-103393 SEG-500461 Scholar Footwear Canvas Styles Drifter,Scholar Footwear Canvas Styles,A,27,0,0,12,0.0,0
78,PROD-106600,PROD-100686 SEG-500095 Scholar Footwear Trailblazer Equilibrium,Scholar Footwear Trailblazer,B,20,0,0,1,0.0,0
52,PROD-101297,PROD-191565 SEG-521115 Femme Footwear Modern Legend Summit,Femme Footwear Modern Legend,B,32,0,0,0,0.0,0
53,PROD-101298,PROD-191566 SEG-521115 Femme Footwear Modern Legend Summit,Femme Footwear Modern Legend,B,32,0,0,1,0.0,0
54,PROD-101299,PROD-191567 SEG-521115 Femme Footwear Modern Legend Summit,Femme Footwear Modern Legend,B,32,0,0,1,0.0,0
55,PROD-101300,PROD-191568 SEG-521115 Femme Footwear Modern Legend Summit,Femme Footwear Modern Legend,B,32,0,0,2,0.0,0
56,PROD-101301,PROD-191569 SEG-521115 Femme Footwear Modern Legend Summit,Femme Footwear Modern Legend,B,32,0,0,0,0.0,0
57,PROD-101302,PROD-191561 SEG-521115 Femme Footwear Modern Legend Summit,Femme Footwear Modern Legend,B,32,0,0,1,0.0,0
58,PROD-103734,PROD-152509 SEG-512312 Scholar Footwear Court Casual Zephyr,Scholar Footwear Court Casual,A,40,0,0,1,0.0,0
612,PROD-156886,PROD-104410 SEG-500633 Junior Apparel Denim Classics Varied,Junior Apparel Denim Classics,C,10,0,0,3,0.0,0
718,PROD-159575,PROD-154048 SEG-512650 Scholar Footwear Hardcourt Zephyr,Scholar Footwear Hardcourt,A,18,7,0,1,0.0,7
721,PROD-159579,PROD-153453 SEG-512521 Scholar Footwear Court Casual Zephyr,Scholar Footwear Court Casual,B,16,0,0,1,0.0,0
722,PROD-159581,PROD-153455 SEG-512521 Scholar Footwear Court Casual Zephyr,Scholar Footwear Court Casual,A,32,0,0,10,0.0,0
2288,PROD-191292,PROD-130479 SEG-506679 Junior Apparel Cozy Trousers Varied,Junior Apparel Cozy Trousers,C,9,0,0,0,0.0,0
469,PROD-152169,PROD-108544 SEG-501711 Scholar Footwear Trailblazer Equilibrium,Scholar Footwear Trailblazer,B,10,0,0,4,0.0,0
470,PROD-152170,PROD-108545 SEG-501711 Scholar Footwear Trailblazer Equilibrium,Scholar Footwear Trailblazer,A,18,0,0,4,0.0,0
471,PROD-152172,PROD-108652 SEG-501730 Scholar Footwear Trailblazer Equilibrium,Scholar Footwear Trailblazer,B,16,0,0,2,0.0,0
472,PROD-152173,PROD-108653 SEG-501730 Scholar Footwear Trailblazer Equilibrium,Scholar Footwear Trailblazer,A,28,0,0,7,0.0,0
474,PROD-152175,PROD-108655 SEG-501730 Scholar Footwear Trailblazer Equilibrium,Scholar Footwear Trailblazer,A,27,0,0,11,0.0,0
475,PROD-152176,PROD-108656 SEG-501730 Scholar Footwear Trailblazer Equilibrium,Scholar Footwear Trailblazer,A,24,0,0,11,0.0,0
702,PROD-158960,PROD-168035 SEG-515894 Junior Apparel Crew Tees Varied,Junior Apparel Crew Tees,C,12,1,0,2,0.0,1
2154,PROD-183472,PROD-114395 SEG-502543 Heritage Footwear Retro Legend Summit,Scholar Footwear Retro Legend,A,40,1,1,0,0.0,2
2158,PROD-183476,PROD-114405 SEG-502543 Heritage Footwear Retro Legend Summit,Scholar Footwear Retro Legend,A,40,1,0,0,0.0,1
2160,PROD-183482,PROD-114645 SEG-502564 Heritage Footwear Retro Legend Summit,Scholar Footwear Retro Legend,A,15,0,0,0,0.0,0
2163,PROD-183485,PROD-114653 SEG-502564 Heritage Footwear Retro Legend Summit,Scholar Footwear Retro Legend,A,15,0,0,0,0.0,0
68,PROD-104694,PROD-137159 SEG-508406 Junior Apparel Crew Tees Family Line,Junior Apparel Crew Tees,C,9,0,0,1,0.0,0
69,PROD-104695,PROD-137158 SEG-508406 Junior Apparel Crew Tees Family Line,Junior Apparel Crew Tees,C,9,0,0,0,0.0,0
70,PROD-104696,PROD-137161 SEG-508406 Junior Apparel Crew Tees Family Line,Junior Apparel Crew Tees,C,2,0,0,0,0.0,0
72,PROD-105615,PROD-170764 SEG-516387 Junior Apparel Cozy Trousers Family Line,Junior Apparel Cozy Trousers,C,14,0,0,0,0.0,0
75,PROD-105618,PROD-170765 SEG-516387 Junior Apparel Cozy Trousers Family Line,Junior Apparel Cozy Trousers,C,8,0,0,0,0.0,0
77,PROD-106598,PROD-100684 SEG-500095 Scholar Footwear Trailblazer Equilibrium,Scholar Footwear Trailblazer,A,18,0,0,2,0.0,0
478,PROD-152221,PROD-149102 SEG-511422 Scholar Footwear Trailblazer Equilibrium,Scholar Footwear Trailblazer,A,40,0,0,9,0.0,0
733,PROD-159641,PROD-168017 SEG-515889 Junior Apparel Cozy Pullovers Varied,Junior Apparel Cozy Pullovers,C,20,0,0,1,0.0,0
734,PROD-159659,PROD-168012 SEG-515888 Junior Apparel Cozy Pullovers Varied,Junior Apparel Cozy Pullovers,C,17,0,0,1,0.0,0
715,PROD-159368,PROD-103394 SEG-500461 Scholar Footwear Canvas Styles Drifter,Scholar Footwear Canvas Styles,A,27,0,0,7,0.0,0
96,PROD-115349,PROD-173686 SEG-516939 Femme Footwear Court Casual Zephyr,Femme Footwear Court Casual,B,40,0,0,0,0.0,0
99,PROD-115352,PROD-173689 SEG-516939 Femme Footwear Court Casual Zephyr,Femme Footwear Court Casual,A,40,0,0,0,0.0,0
2136,PROD-181937,PROD-189057 SEG-520454 Femme Footwear Trailblazer Equilibrium,Femme Footwear Trailblazer,C,17,0,0,0,0.0,0
2137,PROD-182087,PROD-185953 SEG-519649 Scholar Footwear Boot Collection Woodland,Scholar Footwear Boot Collection,A,31,0,0,1,0.0,0
2141,PROD-183445,PROD-113816 SEG-502497 Scholar Footwear Retro Legend Summit,Scholar Footwear Retro Legend,B,14,0,0,0,0.0,0
746,PROD-159678,PROD-170074 SEG-516269 Junior Apparel Crew Tees Varied,Junior Apparel Crew Tees,C,19,0,0,6,0.0,0
747,PROD-159680,PROD-170087 SEG-516272 Junior Apparel Cozy Trousers Varied,Junior Apparel Cozy Trousers,C,16,0,0,3,0.0,0
749,PROD-159682,PROD-170085 SEG-516272 Junior Apparel Cozy Trousers Varied,Junior Apparel Cozy Trousers,C,19,2,2,2,0.0,4
750,PROD-159683,PROD-170088 SEG-516272 Junior Apparel Cozy Trousers Varied,Junior Apparel Cozy Trousers,C,16,1,1,1,0.0,2
752,PROD-159690,PROD-170083 SEG-516271 Junior Apparel Gift Bundles Varied,Junior Apparel Gift Bundles,C,18,0,0,2,0.0,0
2151,PROD-183463,PROD-114227 SEG-502529 Heritage Footwear Retro Legend Summit,Scholar Footwear Retro Legend,A,40,2,0,0,0.0,2
2152,PROD-183470,PROD-114391 SEG-502543 Heritage Footwear Retro Legend Summit,Scholar Footwear Retro Legend,A,40,0,0,0,0.0,0
2153,PROD-183471,PROD-114397 SEG-502543 Heritage Footwear Retro Legend Summit,Scholar Footwear Retro Legend,A,40,2,1,1,0.0,3
2125,PROD-181867,PROD-152573 SEG-512317 Scholar Footwear Court Casual Zephyr,Scholar Footwear Court Casual,B,40,0,0,1,0.0,0
768,PROD-159710,PROD-167995 SEG-515884 Junior Apparel Crew Tees Varied,Junior Apparel Crew Tees,C,17,0,0,6,0.0,0
769,PROD-159711,PROD-167994 SEG-515884 Junior Apparel Crew Tees Varied,Junior Apparel Crew Tees,C,17,0,0,4,0.0,0
770,PROD-159712,PROD-167997 SEG-515884 Junior Apparel Crew Tees Varied,Junior Apparel Crew Tees,C,16,0,0,2,0.0,0
772,PROD-159716,PROD-167993 SEG-515883 Junior Apparel Crew Tees Varied,Junior Apparel Crew Tees,C,11,0,0,4,0.0,0
778,PROD-159725,PROD-152948 SEG-512415 Scholar Footwear Trailblazer Zephyr,Scholar Footwear Trailblazer,B,7,0,0,0,0.0,0
95,PROD-115348,PROD-173685 SEG-516939 Femme Footwear Court Casual Zephyr,Femme Footwear Court Casual,C,40,0,0,0,0.0,0
780,PROD-159727,PROD-152950 SEG-512415 Scholar Footwear Trailblazer Zephyr,Scholar Footwear Trailblazer,A,33,0,0,6,0.0,0
781,PROD-159728,PROD-152953 SEG-512415 Scholar Footwear Trailblazer Zephyr,Scholar Footwear Trailblazer,A,32,0,0,14,0.0,0
782,PROD-159729,PROD-152952 SEG-512415 Scholar Footwear Trailblazer Zephyr,Scholar Footwear Trailblazer,A,33,0,0,14,0.0,0
786,PROD-159734,PROD-168001 SEG-515885 Junior Apparel Crew Tees Varied,Junior Apparel Crew Tees,C,12,0,0,1,0.0,0
788,PROD-159864,PROD-184575 SEG-519267 Junior Apparel Printed Tees Varied,Junior Apparel Printed Tees,C,13,0,0,6,0.0,0
790,PROD-159909,PROD-155676 SEG-513223 Junior Apparel Light Shells Varied,Junior Apparel Light Shells,C,6,0,0,0,0.0,0
791,PROD-159915,PROD-122454 SEG-504574 Junior Apparel Light Shells Varied,Junior Apparel Light Shells,C,7,0,0,0,0.0,0
793,PROD-160073,PROD-162820 SEG-514985 Femme Footwear Retro Legend Summit,Femme Footwear Retro Legend,B,6,0,0,3,0.0,0
794,PROD-160081,PROD-137071 SEG-508387 Femme Footwear Retro Legend Summit,Femme Footwear Retro Legend,C,7,0,0,0,0.0,0
795,PROD-160082,PROD-137072 SEG-508387 Femme Footwear Retro Legend Summit,Femme Footwear Retro Legend,B,6,0,0,0,0.0,0
796,PROD-160083,PROD-137073 SEG-508387 Femme Footwear Retro Legend Summit,Femme Footwear Retro Legend,B,6,0,0,0,0.0,0
2117,PROD-181833,PROD-152143 SEG-512250 Scholar Footwear Flight Classic Zephyr,Scholar Footwear Flight Classic,B,40,0,0,1,0.0,0
2106,PROD-181305,PROD-189285 SEG-520490 Femme Footwear Trailblazer Zephyr,Femme Footwear Trailblazer,B,40,0,0,0,0.0,0
2107,PROD-181306,PROD-189277 SEG-520490 Femme Footwear Trailblazer Zephyr,Femme Footwear Trailblazer,B,40,0,0,0,0.0,0
2110,PROD-181690,PROD-121072 SEG-504168 Junior Apparel Cozy Trousers Varied,Junior Apparel Cozy Trousers,C,5,0,0,0,0.0,0
2111,PROD-181691,PROD-121071 SEG-504168 Junior Apparel Cozy Trousers Varied,Junior Apparel Cozy Trousers,C,5,0,0,0,0.0,0
2112,PROD-181817,PROD-152122 SEG-512249 Scholar Footwear Flight Classic Zephyr,Scholar Footwear Flight Classic,B,40,0,0,3,0.0,0
2113,PROD-181821,PROD-152159 SEG-512251 Scholar Footwear Flight Classic Zephyr,Scholar Footwear Flight Classic,B,40,0,0,1,0.0,0
2115,PROD-181824,PROD-152160 SEG-512251 Scholar Footwear Flight Classic Zephyr,Scholar Footwear Flight Classic,A,40,0,0,1,0.0,0
797,PROD-160084,PROD-137074 SEG-508387 Femme Footwear Retro Legend Summit,Femme Footwear Retro Legend,B,7,0,0,0,0.0,0
799,PROD-160148,PROD-137004 SEG-508379 Femme Footwear Retro Legend Summit,Femme Footwear Retro Legend,C,7,0,0,2,0.0,0
800,PROD-160149,PROD-137005 SEG-508379 Femme Footwear Retro Legend Summit,Femme Footwear Retro Legend,B,7,0,0,2,0.0,0
801,PROD-160239,PROD-135990 SEG-508104 Junior Apparel Gift Bundles Varied,Junior Apparel Gift Bundles,C,7,0,0,1,0.0,0
802,PROD-160240,PROD-135991 SEG-508104 Junior Apparel Gift Bundles Varied,Junior Apparel Gift Bundles,C,8,0,0,0,0.0,0
803,PROD-160242,PROD-135984 SEG-508102 Junior Apparel Gift Bundles Varied,Junior Apparel Gift Bundles,C,8,0,0,1,0.0,0
453,PROD-152067,PROD-112309 SEG-502364 Scholar Footwear Modern Legend Summit,Scholar Footwear Modern Legend,B,15,0,0,2,0.0,0
779,PROD-159726,PROD-152951 SEG-512415 Scholar Footwear Trailblazer Zephyr,Scholar Footwear Trailblazer,B,8,1,1,0,0.0,2
829,PROD-160810,PROD-166088 SEG-515571 Scholar Footwear Modern Legend Summit,Scholar Footwear Modern Legend,B,18,0,0,3,0.0,0
830,PROD-160811,PROD-166090 SEG-515571 Scholar Footwear Modern Legend Summit,Scholar Footwear Modern Legend,A,22,0,0,8,0.0,0
833,PROD-160815,PROD-166158 SEG-515580 Scholar Footwear Modern Legend Summit,Scholar Footwear Modern Legend,A,34,2,2,2,0.0,4
834,PROD-160816,PROD-166161 SEG-515580 Scholar Footwear Modern Legend Summit,Scholar Footwear Modern Legend,A,29,0,0,1,0.0,0
467,PROD-152159,PROD-108644 SEG-501727 Scholar Footwear Trailblazer Equilibrium,Scholar Footwear Trailblazer,B,15,0,0,5,0.0,0
807,PROD-160695,PROD-173791 SEG-516951 Scholar Footwear Flight Classic Zephyr,Scholar Footwear Flight Classic,A,32,1,1,6,0.0,2
809,PROD-160697,PROD-173792 SEG-516951 Scholar Footwear Flight Classic Zephyr,Scholar Footwear Flight Classic,A,40,1,1,14,0.0,2
112,PROD-118967,PROD-138469 SEG-508729 Scholar Footwear Modern Legend Summit,Scholar Footwear Modern Legend,A,40,0,0,17,0.0,0
2100,PROD-181298,PROD-189278 SEG-520490 Femme Footwear Trailblazer Zephyr,Femme Footwear Trailblazer,B,40,0,0,0,0.0,0
2101,PROD-181300,PROD-189280 SEG-520490 Femme Footwear Trailblazer Zephyr,Femme Footwear Trailblazer,B,40,0,0,0,0.0,0
2103,PROD-181302,PROD-189282 SEG-520490 Femme Footwear Trailblazer Zephyr,Femme Footwear Trailblazer,B,40,0,0,0,0.0,0
2104,PROD-181303,PROD-189283 SEG-520490 Femme Footwear Trailblazer Zephyr,Femme Footwear Trailblazer,A,40,0,0,0,0.0,0
2105,PROD-181304,PROD-189284 SEG-520490 Femme Footwear Trailblazer Zephyr,Femme Footwear Trailblazer,A,40,0,0,0,0.0,0
447,PROD-152057,PROD-166079 SEG-515569 Scholar Footwear Modern Legend Summit,Scholar Footwear Modern Legend,B,38,1,2,4,0.0,3
450,PROD-152061,PROD-166082 SEG-515569 Scholar Footwear Modern Legend Summit,Scholar Footwear Modern Legend,A,38,1,1,3,0.0,2
845,PROD-160843,PROD-137715 SEG-508583 Heritage Footwear Retro Legend Summit,Scholar Footwear Retro Legend,A,23,0,0,4,0.0,0
2096,PROD-181284,PROD-189309 SEG-520493 Femme Footwear Trailblazer Zephyr,Femme Footwear Trailblazer,C,8,0,0,0,0.0,0
2097,PROD-181294,PROD-189301 SEG-520492 Femme Footwear Trailblazer Zephyr,Femme Footwear Trailblazer,B,40,0,0,0,0.0,0
2098,PROD-181295,PROD-189302 SEG-520492 Femme Footwear Trailblazer Zephyr,Femme Footwear Trailblazer,B,40,0,0,0,0.0,0
2099,PROD-181297,PROD-189295 SEG-520492 Femme Footwear Trailblazer Zephyr,Femme Footwear Trailblazer,B,40,0,0,0,0.0,0
100,PROD-115353,PROD-173690 SEG-516939 Femme Footwear Court Casual Zephyr,Femme Footwear Court Casual,A,40,0,0,2,0.0,0
102,PROD-115355,PROD-173692 SEG-516939 Femme Footwear Court Casual Zephyr,Femme Footwear Court Casual,B,40,0,0,0,0.0,0
860,PROD-160868,PROD-162734 SEG-514981 Heritage Footwear Retro Legend Summit,Scholar Footwear Retro Legend,A,15,0,0,0,0.0,0
865,PROD-160873,PROD-114036 SEG-502514 Scholar Footwear Retro Legend Summit,Scholar Footwear Retro Legend,A,25,0,0,2,0.0,0
866,PROD-160874,PROD-114035 SEG-502514 Scholar Footwear Retro Legend Summit,Scholar Footwear Retro Legend,A,22,0,0,2,0.0,0
867,PROD-160875,PROD-114038 SEG-502514 Scholar Footwear Retro Legend Summit,Scholar Footwear Retro Legend,A,15,0,0,0,0.0,0
425,PROD-151682,PROD-170224 SEG-516298 Junior Apparel Cozy Trousers Zephyr,Junior Apparel Cozy Trousers,C,7,0,0,0,0.0,0
2077,PROD-181238,PROD-189155 SEG-520473 Femme Footwear Flight Classic Varied,Femme Footwear Flight Classic,B,40,0,0,0,0.0,0
2078,PROD-181239,PROD-189156 SEG-520473 Femme Footwear Flight Classic Varied,Femme Footwear Flight Classic,A,40,0,0,0,0.0,0
2080,PROD-181241,PROD-189158 SEG-520473 Femme Footwear Flight Classic Varied,Femme Footwear Flight Classic,B,40,0,0,0,0.0,0
2081,PROD-181242,PROD-189159 SEG-520473 Femme Footwear Flight Classic Varied,Femme Footwear Flight Classic,B,40,0,0,0,0.0,0
2082,PROD-181243,PROD-189151 SEG-520473 Femme Footwear Flight Classic Varied,Femme Footwear Flight Classic,B,40,0,0,0,0.0,0
2083,PROD-181248,PROD-189147 SEG-520472 Femme Footwear Flight Classic Varied,Femme Footwear Flight Classic,B,16,0,0,0,0.0,0
2084,PROD-181249,PROD-189148 SEG-520472 Femme Footwear Flight Classic Varied,Femme Footwear Flight Classic,B,17,0,0,0,0.0,0
2085,PROD-181250,PROD-189149 SEG-520472 Femme Footwear Flight Classic Varied,Femme Footwear Flight Classic,B,16,0,0,0,0.0,0
2086,PROD-181251,PROD-189150 SEG-520472 Femme Footwear Flight Classic Varied,Femme Footwear Flight Classic,C,16,0,0,0,0.0,0
878,PROD-160896,PROD-137059 SEG-508385 Scholar Footwear Retro Legend Summit,Scholar Footwear Retro Legend,A,13,1,1,1,0.0,2
2060,PROD-179465,PROD-152769 SEG-512374 Scholar Footwear Sandals Zephyr,Scholar Footwear Sandals,A,40,0,0,15,0.0,0
468,PROD-152166,PROD-108541 SEG-501711 Scholar Footwear Trailblazer Equilibrium,Scholar Footwear Trailblazer,B,17,0,0,0,0.0,0
2069,PROD-181019,PROD-189220 SEG-520483 Femme Footwear Retro Legend Summit,Femme Footwear Retro Legend,B,17,1,0,0,0.0,1
2071,PROD-181022,PROD-189223 SEG-520483 Femme Footwear Retro Legend Summit,Femme Footwear Retro Legend,A,17,2,0,0,0.0,2
2072,PROD-181024,PROD-189225 SEG-520483 Femme Footwear Retro Legend Summit,Femme Footwear Retro Legend,B,17,0,0,0,0.0,0
2073,PROD-181055,PROD-189190 SEG-520480 Femme Footwear Modern Legend Summit,Femme Footwear Modern Legend,C,25,0,0,0,0.0,0
2074,PROD-181235,PROD-189152 SEG-520473 Femme Footwear Flight Classic Varied,Femme Footwear Flight Classic,B,40,0,0,0,0.0,0
2075,PROD-181236,PROD-189153 SEG-520473 Femme Footwear Flight Classic Varied,Femme Footwear Flight Classic,B,40,0,0,0,0.0,0
2076,PROD-181237,PROD-189154 SEG-520473 Femme Footwear Flight Classic Varied,Femme Footwear Flight Classic,B,40,0,0,0,0.0,0
852,PROD-160851,PROD-163070 SEG-514999 Heritage Footwear Retro Legend Summit,Scholar Footwear Retro Legend,A,40,0,0,2,0.0,0
857,PROD-160856,PROD-163086 SEG-514999 Heritage Footwear Retro Legend Summit,Scholar Footwear Retro Legend,A,40,2,1,2,0.0,3
858,PROD-160866,PROD-162731 SEG-514981 Heritage Footwear Retro Legend Summit,Scholar Footwear Retro Legend,A,15,0,0,4,0.0,0
859,PROD-160867,PROD-162729 SEG-514981 Heritage Footwear Retro Legend Summit,Scholar Footwear Retro Legend,A,13,0,0,2,0.0,0
2038,PROD-179233,PROD-149016 SEG-511410 Femme Footwear Trailblazer Equilibrium,Femme Footwear Trailblazer,C,18,0,0,0,0.0,0
2039,PROD-179235,PROD-148776 SEG-511385 Femme Footwear Trailblazer Equilibrium,Femme Footwear Trailblazer,B,18,0,0,1,0.0,0
2040,PROD-179236,PROD-148777 SEG-511385 Femme Footwear Trailblazer Equilibrium,Femme Footwear Trailblazer,B,12,0,0,3,0.0,0
2042,PROD-179238,PROD-148779 SEG-511385 Femme Footwear Trailblazer Equilibrium,Femme Footwear Trailblazer,A,34,1,1,3,0.0,2
2047,PROD-179243,PROD-148775 SEG-511385 Femme Footwear Trailblazer Equilibrium,Femme Footwear Trailblazer,B,25,0,0,3,0.0,0
2048,PROD-179248,PROD-149220 SEG-511432 Femme Footwear Trailblazer Equilibrium,Femme Footwear Trailblazer,B,8,0,0,0,0.0,0
2050,PROD-179262,PROD-148785 SEG-511386 Femme Footwear Trailblazer Equilibrium,Femme Footwear Trailblazer,B,29,0,0,2,0.0,0
2053,PROD-179265,PROD-148788 SEG-511386 Femme Footwear Trailblazer Equilibrium,Femme Footwear Trailblazer,A,40,0,0,8,0.0,0
2056,PROD-179268,PROD-148791 SEG-511386 Femme Footwear Trailblazer Equilibrium,Femme Footwear Trailblazer,A,40,0,0,3,0.0,0
2057,PROD-179269,PROD-148792 SEG-511386 Femme Footwear Trailblazer Equilibrium,Femme Footwear Trailblazer,B,36,0,0,0,0.0,0
2058,PROD-179270,PROD-148784 SEG-511386 Femme Footwear Trailblazer Equilibrium,Femme Footwear Trailblazer,B,29,0,0,1,0.0,0
868,PROD-160877,PROD-114040 SEG-502514 Scholar Footwear Retro Legend Summit,Scholar Footwear Retro Legend,A,27,0,0,2,0.0,0
877,PROD-160895,PROD-137056 SEG-508385 Scholar Footwear Retro Legend Summit,Scholar Footwear Retro Legend,A,14,1,1,2,0.0,2
913,PROD-161858,PROD-170261 SEG-516305 Junior Apparel Trousers Varied,Junior Apparel Trousers,C,19,0,0,4,0.0,0
914,PROD-161859,PROD-170260 SEG-516305 Junior Apparel Trousers Varied,Junior Apparel Trousers,C,19,0,0,3,0.0,0
915,PROD-161860,PROD-170259 SEG-516305 Junior Apparel Trousers Varied,Junior Apparel Trousers,C,19,1,1,2,0.0,2
886,PROD-161778,PROD-188023 SEG-520261 Femme Footwear Trailblazer Zephyr,Femme Footwear Trailblazer,C,14,0,0,0,0.0,0
891,PROD-161783,PROD-188028 SEG-520261 Femme Footwear Trailblazer Zephyr,Femme Footwear Trailblazer,B,13,0,0,1,0.0,0
2037,PROD-179232,PROD-149015 SEG-511410 Femme Footwear Trailblazer Equilibrium,Femme Footwear Trailblazer,B,31,0,0,2,0.0,0
928,PROD-162190,PROD-170293 SEG-516313 Junior Apparel Crew Tees Varied,Junior Apparel Crew Tees,C,16,0,0,6,0.0,0
935,PROD-162198,PROD-170348 SEG-516326 Junior Apparel Crew Tees Varied,Junior Apparel Crew Tees,C,12,0,0,1,0.0,0
2021,PROD-179188,PROD-148915 SEG-511401 Femme Footwear Trailblazer Equilibrium,Femme Footwear Trailblazer,B,23,0,0,0,0.0,0
2022,PROD-179194,PROD-148771 SEG-511384 Femme Footwear Trailblazer Equilibrium,Femme Footwear Trailblazer,C,5,0,0,0,0.0,0
2023,PROD-179201,PROD-149175 SEG-511429 Femme Footwear Trailblazer Equilibrium,Femme Footwear Trailblazer,B,14,0,0,3,0.0,0
2024,PROD-179202,PROD-149176 SEG-511429 Femme Footwear Trailblazer Equilibrium,Femme Footwear Trailblazer,B,13,0,0,2,0.0,0
2025,PROD-179203,PROD-149177 SEG-511429 Femme Footwear Trailblazer Equilibrium,Femme Footwear Trailblazer,B,19,0,0,3,0.0,0
2026,PROD-179205,PROD-149179 SEG-511429 Femme Footwear Trailblazer Equilibrium,Femme Footwear Trailblazer,C,14,0,0,2,0.0,0
2027,PROD-179219,PROD-149021 SEG-511411 Femme Footwear Trailblazer Equilibrium,Femme Footwear Trailblazer,B,17,0,0,1,0.0,0
2028,PROD-179220,PROD-149022 SEG-511411 Femme Footwear Trailblazer Equilibrium,Femme Footwear Trailblazer,B,27,0,0,5,0.0,0
2030,PROD-179222,PROD-149024 SEG-511411 Femme Footwear Trailblazer Equilibrium,Femme Footwear Trailblazer,B,29,0,0,3,0.0,0
2031,PROD-179223,PROD-149025 SEG-511411 Femme Footwear Trailblazer Equilibrium,Femme Footwear Trailblazer,B,37,0,0,3,0.0,0
2032,PROD-179224,PROD-149026 SEG-511411 Femme Footwear Trailblazer Equilibrium,Femme Footwear Trailblazer,C,14,0,0,0,0.0,0
2033,PROD-179228,PROD-149011 SEG-511410 Femme Footwear Trailblazer Equilibrium,Femme Footwear Trailblazer,B,21,0,0,1,0.0,0
2034,PROD-179229,PROD-149012 SEG-511410 Femme Footwear Trailblazer Equilibrium,Femme Footwear Trailblazer,B,31,0,0,1,0.0,0
50,PROD-101295,PROD-191563 SEG-521115 Femme Footwear Modern Legend Summit,Femme Footwear Modern Legend,C,32,0,0,0,0.0,0
51,PROD-101296,PROD-191564 SEG-521115 Femme Footwear Modern Legend Summit,Femme Footwear Modern Legend,B,32,0,0,0,0.0,0
2213,PROD-184555,PROD-109154 SEG-501924 Junior Apparel Printed Tees Varied,Junior Apparel Printed Tees,C,19,1,1,2,0.0,2
2229,PROD-184889,PROD-112594 SEG-502389 Scholar Footwear Modern Legend Summit,Scholar Footwear Modern Legend,B,39,0,0,1,0.0,0
2230,PROD-184890,PROD-112596 SEG-502389 Scholar Footwear Modern Legend Summit,Scholar Footwear Modern Legend,B,39,0,0,0,0.0,0
2234,PROD-188434,PROD-122930 SEG-504712 Junior Apparel Cozy Pullovers Varied,Junior Apparel Cozy Pullovers,C,8,0,0,0,0.0,0
922,PROD-161958,PROD-153473 SEG-512523 Femme Footwear Court Casual Zephyr,Femme Footwear Court Casual,C,14,2,0,2,0.0,2
943,PROD-162870,PROD-137095 SEG-508390 Scholar Footwear Modern Legend Summit,Scholar Footwear Modern Legend,A,26,1,1,4,0.0,2
944,PROD-162871,PROD-137097 SEG-508390 Scholar Footwear Modern Legend Summit,Scholar Footwear Modern Legend,A,24,1,1,2,0.0,2
945,PROD-163153,PROD-122200 SEG-504499 Junior Apparel Crew Tees Varied,Junior Apparel Crew Tees,C,13,0,0,3,0.0,0
946,PROD-163154,PROD-122199 SEG-504499 Junior Apparel Crew Tees Varied,Junior Apparel Crew Tees,C,13,0,0,3,0.0,0
947,PROD-163171,PROD-122207 SEG-504500 Junior Apparel Crew Tees Varied,Junior Apparel Crew Tees,C,13,0,0,4,0.0,0
950,PROD-163265,PROD-186851 SEG-519882 Junior Apparel Printed Tees Varied,Junior Apparel Printed Tees,C,19,0,0,4,0.0,0
2005,PROD-179169,PROD-148800 SEG-511387 Femme Footwear Trailblazer Equilibrium,Femme Footwear Trailblazer,B,18,0,0,3,0.0,0
2013,PROD-179179,PROD-148925 SEG-511402 Femme Footwear Trailblazer Equilibrium,Femme Footwear Trailblazer,B,40,0,0,3,0.0,0
2014,PROD-179180,PROD-148916 SEG-511402 Femme Footwear Trailblazer Equilibrium,Femme Footwear Trailblazer,C,39,0,0,1,0.0,0
2015,PROD-179181,PROD-148908 SEG-511401 Femme Footwear Trailblazer Equilibrium,Femme Footwear Trailblazer,C,8,0,0,0,0.0,0
2017,PROD-179184,PROD-148911 SEG-511401 Femme Footwear Trailblazer Equilibrium,Femme Footwear Trailblazer,B,25,0,0,3,0.0,0
48,PROD-100813,PROD-100959 SEG-500123 Scholar Footwear Flight Classic Zephyr,Scholar Footwear Flight Classic,A,40,0,0,36,0.0,0
49,PROD-101180,PROD-112294 SEG-502361 Scholar Footwear Modern Legend Summit,Scholar Footwear Modern Legend,B,37,0,0,1,0.0,0
956,PROD-163273,PROD-130501 SEG-506686 Junior Apparel Printed Tees Varied,Junior Apparel Printed Tees,C,17,0,0,4,0.0,0
957,PROD-163274,PROD-130504 SEG-506686 Junior Apparel Printed Tees Varied,Junior Apparel Printed Tees,C,19,0,0,8,0.0,0
960,PROD-163278,PROD-142555 SEG-509727 Junior Apparel Printed Tees Varied,Junior Apparel Printed Tees,C,16,0,0,7,0.0,0
961,PROD-163280,PROD-184538 SEG-519252 Junior Apparel Printed Tees Varied,Junior Apparel Printed Tees,C,13,0,0,3,0.0,0
964,PROD-163284,PROD-184556 SEG-519256 Junior Apparel Printed Tees Varied,Junior Apparel Printed Tees,C,18,1,1,3,0.0,2
965,PROD-163285,PROD-184555 SEG-519256 Junior Apparel Printed Tees Varied,Junior Apparel Printed Tees,C,17,0,0,2,0.0,0
966,PROD-163286,PROD-184558 SEG-519256 Junior Apparel Printed Tees Varied,Junior Apparel Printed Tees,C,17,0,0,8,0.0,0
967,PROD-163312,PROD-160831 SEG-514558 Scholar Footwear Trailblazer Feline,Scholar Footwear Trailblazer,B,33,0,0,6,0.0,0
938,PROD-162540,PROD-174233 SEG-517014 Femme Footwear Trailblazer Zephyr,Femme Footwear Trailblazer,C,15,0,0,3,0.0,0
939,PROD-162541,PROD-174234 SEG-517014 Femme Footwear Trailblazer Zephyr,Femme Footwear Trailblazer,C,12,0,0,1,0.0,0
940,PROD-162544,PROD-174226 SEG-517014 Femme Footwear Trailblazer Zephyr,Femme Footwear Trailblazer,B,13,0,0,2,0.0,0
941,PROD-162868,PROD-137093 SEG-508390 Scholar Footwear Modern Legend Summit,Scholar Footwear Modern Legend,B,23,1,1,0,0.0,2
942,PROD-162869,PROD-137096 SEG-508390 Scholar Footwear Modern Legend Summit,Scholar Footwear Modern Legend,B,22,0,0,4,0.0,0
1996,PROD-179159,PROD-149255 SEG-511436 Femme Footwear Trailblazer Equilibrium,Femme Footwear Trailblazer,A,36,0,0,5,0.0,0
117,PROD-120973,PROD-104355 SEG-500622 Junior Apparel Trousers Varied,Junior Apparel Trousers,C,12,0,0,4,0.0,0
119,PROD-120975,PROD-104357 SEG-500622 Junior Apparel Trousers Varied,Junior Apparel Trousers,C,11,0,0,0,0.0,0
120,PROD-120976,PROD-104358 SEG-500622 Junior Apparel Trousers Varied,Junior Apparel Trousers,C,9,0,0,2,0.0,0
121,PROD-120977,PROD-104359 SEG-500622 Junior Apparel Trousers Varied,Junior Apparel Trousers,C,9,0,0,3,0.0,0
968,PROD-163313,PROD-160832 SEG-514558 Scholar Footwear Trailblazer Feline,Scholar Footwear Trailblazer,B,33,0,0,2,0.0,0
969,PROD-163314,PROD-160833 SEG-514558 Scholar Footwear Trailblazer Feline,Scholar Footwear Trailblazer,A,33,0,0,3,0.0,0
984,PROD-164912,PROD-134154 SEG-507561 Junior Apparel Crew Tees Varied,Junior Apparel Crew Tees,C,7,0,0,1,0.0,0
952,PROD-163268,PROD-134244 SEG-507582 Junior Apparel Printed Tees Varied,Junior Apparel Printed Tees,C,18,0,0,3,0.0,0
955,PROD-163272,PROD-130502 SEG-506686 Junior Apparel Printed Tees Varied,Junior Apparel Printed Tees,C,17,1,1,5,0.0,2
1018,PROD-165290,PROD-179220 SEG-518044 Scholar Footwear Court Casual Trident,Scholar Footwear Court Casual,B,40,0,0,4,0.0,0
1019,PROD-165291,PROD-179221 SEG-518044 Scholar Footwear Court Casual Trident,Scholar Footwear Court Casual,A,40,0,0,2,0.0,0
986,PROD-164917,PROD-134161 SEG-507562 Junior Apparel Crew Tees Varied,Junior Apparel Crew Tees,C,6,1,0,3,0.0,1
987,PROD-164920,PROD-129381 SEG-506389 Junior Apparel Crew Tees Varied,Junior Apparel Crew Tees,C,8,0,0,0,0.0,0
988,PROD-164921,PROD-129384 SEG-506389 Junior Apparel Crew Tees Varied,Junior Apparel Crew Tees,C,11,1,1,1,0.0,2
989,PROD-164924,PROD-121937 SEG-504430 Junior Apparel Crew Tees Varied,Junior Apparel Crew Tees,C,11,2,1,2,0.0,3
991,PROD-164928,PROD-132137 SEG-507167 Junior Apparel Crew Tees Varied,Junior Apparel Crew Tees,C,10,1,0,3,0.0,1
992,PROD-164929,PROD-132140 SEG-507167 Junior Apparel Crew Tees Varied,Junior Apparel Crew Tees,C,11,0,0,2,0.0,0
996,PROD-165039,PROD-191924 SEG-521222 Junior Apparel Printed Tees Varied,Junior Apparel Printed Tees,C,18,0,0,5,0.0,0
998,PROD-165041,PROD-191926 SEG-521222 Junior Apparel Printed Tees Varied,Junior Apparel Printed Tees,C,18,0,0,6,0.0,0
999,PROD-165043,PROD-134185 SEG-507568 Junior Apparel Printed Tees Varied,Junior Apparel Printed Tees,C,19,0,0,4,0.0,0
1000,PROD-165044,PROD-134184 SEG-507568 Junior Apparel Printed Tees Varied,Junior Apparel Printed Tees,C,19,0,0,9,0.0,0
1001,PROD-165045,PROD-134187 SEG-507568 Junior Apparel Printed Tees Varied,Junior Apparel Printed Tees,C,19,0,0,6,0.0,0
1990,PROD-178985,PROD-115002 SEG-502616 Toddler Footwear Trailblazer Varied,Scholar Footwear Trailblazer,A,40,0,0,0,0.0,0
1976,PROD-178773,PROD-113919 SEG-502507 Heritage Footwear Retro Legend Summit,Scholar Footwear Retro Legend,A,40,2,0,0,0.0,2
1977,PROD-178777,PROD-113925 SEG-502507 Heritage Footwear Retro Legend Summit,Scholar Footwear Retro Legend,A,40,1,0,0,0.0,1
1980,PROD-178803,PROD-141518 SEG-509388 Scholar Footwear Hardcourt Zephyr,Scholar Footwear Hardcourt,A,39,0,0,2,0.0,0
1981,PROD-178804,PROD-141519 SEG-509388 Scholar Footwear Hardcourt Zephyr,Scholar Footwear Hardcourt,A,39,0,0,1,0.0,0
1982,PROD-178805,PROD-141516 SEG-509388 Scholar Footwear Hardcourt Zephyr,Scholar Footwear Hardcourt,A,39,0,0,1,0.0,0
1983,PROD-178806,PROD-141517 SEG-509388 Scholar Footwear Hardcourt Zephyr,Scholar Footwear Hardcourt,B,39,0,0,1,0.0,0
1986,PROD-178981,PROD-115008 SEG-502616 Toddler Footwear Trailblazer Varied,Scholar Footwear Trailblazer,A,40,0,0,2,0.0,0
1987,PROD-178982,PROD-115003 SEG-502616 Toddler Footwear Trailblazer Varied,Scholar Footwear Trailblazer,A,40,0,0,0,0.0,0
1989,PROD-178984,PROD-115000 SEG-502616 Toddler Footwear Trailblazer Varied,Scholar Footwear Trailblazer,B,40,0,0,1,0.0,0
1002,PROD-165076,PROD-104430 SEG-500638 Junior Apparel Crop Pants Varied,Junior Apparel Crop Pants,C,12,0,0,2,0.0,0
1003,PROD-165077,PROD-104431 SEG-500638 Junior Apparel Crop Pants Varied,Junior Apparel Crop Pants,C,10,0,0,1,0.0,0
1008,PROD-165087,PROD-108151 SEG-501620 Junior Apparel Crop Pants Varied,Junior Apparel Crop Pants,C,16,0,0,2,0.0,0
1009,PROD-165089,PROD-108153 SEG-501620 Junior Apparel Crop Pants Varied,Junior Apparel Crop Pants,C,8,0,0,1,0.0,0
1011,PROD-165150,PROD-108132 SEG-501616 Junior Apparel Crop Pants Varied,Junior Apparel Crop Pants,C,17,0,0,0,0.0,0
1013,PROD-165154,PROD-108136 SEG-501616 Junior Apparel Crop Pants Varied,Junior Apparel Crop Pants,C,14,0,0,3,0.0,0
1028,PROD-165562,PROD-109757 SEG-502036 Femme Footwear Court Casual Trident,Femme Footwear Court Casual,A,40,0,0,2,0.0,0
1029,PROD-165563,PROD-109758 SEG-502036 Femme Footwear Court Casual Trident,Femme Footwear Court Casual,B,40,0,0,0,0.0,0
1030,PROD-165564,PROD-109750 SEG-502036 Femme Footwear Court Casual Trident,Femme Footwear Court Casual,B,40,0,0,0,0.0,0
1032,PROD-165569,PROD-179206 SEG-518043 Scholar Footwear Court Casual Trident,Scholar Footwear Court Casual,A,39,0,0,3,0.0,0
1033,PROD-165570,PROD-179207 SEG-518043 Scholar Footwear Court Casual Trident,Scholar Footwear Court Casual,A,39,0,0,4,0.0,0
1035,PROD-165575,PROD-109663 SEG-502021 Femme Footwear Court Casual Trident,Femme Footwear Court Casual,B,40,0,0,2,0.0,0
1036,PROD-165576,PROD-109664 SEG-502021 Femme Footwear Court Casual Trident,Femme Footwear Court Casual,B,40,0,0,0,0.0,0
1037,PROD-165577,PROD-109665 SEG-502021 Femme Footwear Court Casual Trident,Femme Footwear Court Casual,B,40,0,0,1,0.0,0
1038,PROD-165578,PROD-109666 SEG-502021 Femme Footwear Court Casual Trident,Femme Footwear Court Casual,C,40,0,0,2,0.0,0
1039,PROD-165579,PROD-109667 SEG-502021 Femme Footwear Court Casual Trident,Femme Footwear Court Casual,B,40,0,0,1,0.0,0
1972,PROD-177442,PROD-133325 SEG-507376 Junior Apparel Outer Shells Varied,Junior Apparel Outer Shells,C,10,0,0,0,0.0,0
1973,PROD-177443,PROD-133328 SEG-507376 Junior Apparel Outer Shells Varied,Junior Apparel Outer Shells,C,10,0,0,0,0.0,0
1974,PROD-178771,PROD-113917 SEG-502507 Heritage Footwear Retro Legend Summit,Scholar Footwear Retro Legend,A,40,0,0,2,0.0,0
1975,PROD-178772,PROD-113921 SEG-502507 Heritage Footwear Retro Legend Summit,Scholar Footwear Retro Legend,A,40,1,0,3,0.0,1
417,PROD-151396,PROD-168206 SEG-515934 Junior Apparel Cozy Trousers Zephyr,Junior Apparel Cozy Trousers,C,3,0,0,1,0.0,0
1040,PROD-165591,PROD-179711 SEG-518090 Femme Footwear Court Casual Trident,Femme Footwear Court Casual,B,40,0,0,0,0.0,0
1041,PROD-165592,PROD-179712 SEG-518090 Femme Footwear Court Casual Trident,Femme Footwear Court Casual,B,40,0,0,2,0.0,0
1043,PROD-165594,PROD-179714 SEG-518090 Femme Footwear Court Casual Trident,Femme Footwear Court Casual,A,40,0,0,9,0.0,0
1045,PROD-165596,PROD-179716 SEG-518090 Femme Footwear Court Casual Trident,Femme Footwear Court Casual,A,40,0,0,6,0.0,0
1046,PROD-165597,PROD-179717 SEG-518090 Femme Footwear Court Casual Trident,Femme Footwear Court Casual,B,40,0,0,8,0.0,0
1049,PROD-165731,PROD-134110 SEG-507551 Junior Apparel Light Shells Varied,Junior Apparel Light Shells,C,9,0,0,1,0.0,0
1050,PROD-165774,PROD-134125 SEG-507554 Junior Apparel Trousers Varied,Junior Apparel Trousers,C,11,0,0,1,0.0,0
1021,PROD-165450,PROD-134063 SEG-507541 Junior Apparel Trousers Varied,Junior Apparel Trousers,C,16,0,0,1,0.0,0
1022,PROD-165556,PROD-109751 SEG-502036 Femme Footwear Court Casual Trident,Femme Footwear Court Casual,B,40,0,0,1,0.0,0
1023,PROD-165557,PROD-109752 SEG-502036 Femme Footwear Court Casual Trident,Femme Footwear Court Casual,B,40,0,0,1,0.0,0
1026,PROD-165560,PROD-109755 SEG-502036 Femme Footwear Court Casual Trident,Femme Footwear Court Casual,A,40,0,0,1,0.0,0
1969,PROD-177439,PROD-133329 SEG-507376 Junior Apparel Outer Shells Varied,Junior Apparel Outer Shells,C,10,0,0,0,0.0,0
1970,PROD-177440,PROD-133327 SEG-507376 Junior Apparel Outer Shells Varied,Junior Apparel Outer Shells,C,10,0,0,1,0.0,0
1971,PROD-177441,PROD-133326 SEG-507376 Junior Apparel Outer Shells Varied,Junior Apparel Outer Shells,C,10,0,0,3,0.0,0
1058,PROD-165927,PROD-148611 SEG-511366 Newborn Footwear Trailblazer Varied,Scholar Footwear Trailblazer,A,40,2,0,0,0.0,2
1059,PROD-165928,PROD-148612 SEG-511366 Newborn Footwear Trailblazer Varied,Scholar Footwear Trailblazer,A,40,0,0,1,0.0,0
405,PROD-149693,PROD-103118 SEG-500427 Scholar Footwear Court Casual Trident,Scholar Footwear Court Casual,A,38,0,0,18,0.0,0
407,PROD-149696,PROD-103094 SEG-500425 Scholar Footwear Court Casual Trident,Scholar Footwear Court Casual,B,39,0,0,4,0.0,0
408,PROD-149698,PROD-103096 SEG-500425 Scholar Footwear Court Casual Trident,Scholar Footwear Court Casual,A,40,0,0,10,0.0,0
409,PROD-149699,PROD-103097 SEG-500425 Scholar Footwear Court Casual Trident,Scholar Footwear Court Casual,A,38,0,0,14,0.0,0
410,PROD-149700,PROD-103098 SEG-500425 Scholar Footwear Court Casual Trident,Scholar Footwear Court Casual,A,40,0,0,21,0.0,0
415,PROD-151393,PROD-168205 SEG-515934 Junior Apparel Cozy Trousers Zephyr,Junior Apparel Cozy Trousers,C,9,0,0,2,0.0,0
1060,PROD-165929,PROD-148613 SEG-511366 Newborn Footwear Trailblazer Varied,Scholar Footwear Trailblazer,A,40,0,0,0,0.0,0
1062,PROD-165931,PROD-148615 SEG-511366 Newborn Footwear Trailblazer Varied,Scholar Footwear Trailblazer,A,40,1,0,2,0.0,1
1065,PROD-165934,PROD-148610 SEG-511366 Newborn Footwear Trailblazer Varied,Scholar Footwear Trailblazer,A,40,1,0,1,0.0,1
1066,PROD-165935,PROD-148750 SEG-511382 Scholar Footwear Trailblazer Equilibrium,Scholar Footwear Trailblazer,B,40,0,0,2,0.0,0
1067,PROD-165937,PROD-148752 SEG-511382 Scholar Footwear Trailblazer Equilibrium,Scholar Footwear Trailblazer,B,40,0,0,1,0.0,0
1068,PROD-165938,PROD-148753 SEG-511382 Scholar Footwear Trailblazer Equilibrium,Scholar Footwear Trailblazer,A,40,0,0,7,0.0,0
1069,PROD-165939,PROD-148754 SEG-511382 Scholar Footwear Trailblazer Equilibrium,Scholar Footwear Trailblazer,A,40,0,0,11,0.0,0
1072,PROD-165943,PROD-148736 SEG-511381 Scholar Footwear Trailblazer Equilibrium,Scholar Footwear Trailblazer,B,40,0,0,0,0.0,0
1073,PROD-165945,PROD-148738 SEG-511381 Scholar Footwear Trailblazer Equilibrium,Scholar Footwear Trailblazer,B,40,0,0,0,0.0,0
1074,PROD-165946,PROD-148739 SEG-511381 Scholar Footwear Trailblazer Equilibrium,Scholar Footwear Trailblazer,A,40,0,0,8,0.0,0
1076,PROD-165948,PROD-148741 SEG-511381 Scholar Footwear Trailblazer Equilibrium,Scholar Footwear Trailblazer,A,40,0,0,11,0.0,0
1966,PROD-177187,PROD-182470 SEG-518722 Junior Apparel Printed Tees Varied,Junior Apparel Printed Tees,C,16,1,1,4,0.0,2
1949,PROD-177159,PROD-133279 SEG-507365 Junior Apparel Cozy Pullovers Varied,Junior Apparel Cozy Pullovers,C,7,0,0,0,0.0,0
1950,PROD-177168,PROD-170100 SEG-516275 Junior Apparel Cozy Pullovers Varied,Junior Apparel Cozy Pullovers,C,9,0,0,3,0.0,0
1951,PROD-177169,PROD-170099 SEG-516275 Junior Apparel Cozy Pullovers Varied,Junior Apparel Cozy Pullovers,C,9,0,0,2,0.0,0
1952,PROD-177170,PROD-170098 SEG-516275 Junior Apparel Cozy Pullovers Varied,Junior Apparel Cozy Pullovers,C,9,0,0,0,0.0,0
1953,PROD-177171,PROD-170101 SEG-516275 Junior Apparel Cozy Pullovers Varied,Junior Apparel Cozy Pullovers,C,9,0,0,0,0.0,0
1954,PROD-177173,PROD-170105 SEG-516276 Junior Apparel Cozy Trousers Varied,Junior Apparel Cozy Trousers,C,9,0,0,2,0.0,0
1955,PROD-177174,PROD-170104 SEG-516276 Junior Apparel Cozy Trousers Varied,Junior Apparel Cozy Trousers,C,9,0,0,2,0.0,0
1956,PROD-177175,PROD-170103 SEG-516276 Junior Apparel Cozy Trousers Varied,Junior Apparel Cozy Trousers,C,9,0,0,1,0.0,0
1957,PROD-177177,PROD-121084 SEG-504170 Junior Apparel Outer Shells Varied,Junior Apparel Outer Shells,C,14,1,0,2,0.0,1
1958,PROD-177178,PROD-121082 SEG-504170 Junior Apparel Outer Shells Varied,Junior Apparel Outer Shells,B,14,0,0,2,0.0,0
1962,PROD-177183,PROD-191175 SEG-521013 Junior Apparel Printed Tees Varied,Junior Apparel Printed Tees,C,17,1,1,5,0.0,2
1093,PROD-165971,PROD-149002 SEG-511409 Newborn Footwear Trailblazer Varied,Scholar Footwear Trailblazer,B,13,0,0,2,0.0,0
400,PROD-148839,PROD-182247 SEG-518682 Femme Footwear Court Casual Trident,Femme Footwear Court Casual,C,29,0,0,5,0.0,0
1121,PROD-166154,PROD-149164 SEG-511428 Femme Footwear Trailblazer Equilibrium,Femme Footwear Trailblazer,B,40,0,0,1,0.0,0
1123,PROD-166156,PROD-149166 SEG-511428 Femme Footwear Trailblazer Equilibrium,Femme Footwear Trailblazer,A,40,0,0,1,0.0,0
389,PROD-148166,PROD-108122 SEG-501614 Junior Apparel Denim Classics Varied,Junior Apparel Denim Classics,C,8,0,0,1,0.0,0
394,PROD-148308,PROD-117612 SEG-503080 Junior Apparel Printed Tees Varied,Junior Apparel Printed Tees,C,18,1,1,2,0.0,2
395,PROD-148674,PROD-132684 SEG-507285 Femme Footwear Trailblazer Stride Pro,Femme Footwear Trailblazer,B,8,1,0,0,0.0,1
1947,PROD-177114,PROD-121076 SEG-504169 Junior Apparel Cozy Trousers Varied,Junior Apparel Cozy Trousers,C,9,0,0,0,0.0,0
2236,PROD-188436,PROD-122928 SEG-504712 Junior Apparel Cozy Pullovers Varied,Junior Apparel Cozy Pullovers,C,8,0,0,0,0.0,0
2237,PROD-188437,PROD-122931 SEG-504712 Junior Apparel Cozy Pullovers Varied,Junior Apparel Cozy Pullovers,C,8,0,0,0,0.0,0
2238,PROD-188439,PROD-122940 SEG-504714 Junior Apparel Cozy Trousers Varied,Junior Apparel Cozy Trousers,C,8,0,0,0,0.0,0
2239,PROD-188440,PROD-122939 SEG-504714 Junior Apparel Cozy Trousers Varied,Junior Apparel Cozy Trousers,C,9,0,0,0,0.0,0
2240,PROD-188441,PROD-122938 SEG-504714 Junior Apparel Cozy Trousers Varied,Junior Apparel Cozy Trousers,C,8,0,0,0,0.0,0
2241,PROD-188442,PROD-122941 SEG-504714 Junior Apparel Cozy Trousers Varied,Junior Apparel Cozy Trousers,C,8,0,0,0,0.0,0
2242,PROD-188444,PROD-184033 SEG-519124 Junior Apparel Crew Tees Varied,Junior Apparel Crew Tees,C,7,0,0,0,0.0,0
2243,PROD-188445,PROD-184032 SEG-519124 Junior Apparel Crew Tees Varied,Junior Apparel Crew Tees,C,8,0,0,0,0.0,0
2244,PROD-188446,PROD-184031 SEG-519124 Junior Apparel Crew Tees Varied,Junior Apparel Crew Tees,C,6,0,0,0,0.0,0
484,PROD-152227,PROD-149100 SEG-511422 Scholar Footwear Trailblazer Equilibrium,Scholar Footwear Trailblazer,A,40,0,0,5,0.0,0
1945,PROD-177110,PROD-121060 SEG-504166 Junior Apparel Cozy Pullovers Varied,Junior Apparel Cozy Pullovers,C,9,0,0,0,0.0,0
1946,PROD-177113,PROD-121077 SEG-504169 Junior Apparel Cozy Trousers Varied,Junior Apparel Cozy Trousers,C,10,0,0,0,0.0,0
1131,PROD-166164,PROD-148937 SEG-511404 Femme Footwear Trailblazer Equilibrium,Femme Footwear Trailblazer,A,40,1,0,8,0.0,1
1132,PROD-166165,PROD-148938 SEG-511404 Femme Footwear Trailblazer Equilibrium,Femme Footwear Trailblazer,A,40,1,0,8,0.0,1
1133,PROD-166166,PROD-148939 SEG-511404 Femme Footwear Trailblazer Equilibrium,Femme Footwear Trailblazer,A,40,1,0,4,0.0,1
1136,PROD-166169,PROD-148942 SEG-511404 Femme Footwear Trailblazer Equilibrium,Femme Footwear Trailblazer,B,40,0,0,2,0.0,0
1137,PROD-166170,PROD-148943 SEG-511404 Femme Footwear Trailblazer Equilibrium,Femme Footwear Trailblazer,B,40,0,0,2,0.0,0
1138,PROD-166171,PROD-148944 SEG-511405 Femme Footwear Trailblazer Equilibrium,Femme Footwear Trailblazer,B,40,0,0,1,0.0,0
1140,PROD-166173,PROD-148946 SEG-511405 Femme Footwear Trailblazer Equilibrium,Femme Footwear Trailblazer,A,40,0,0,4,0.0,0
1141,PROD-166174,PROD-148947 SEG-511405 Femme Footwear Trailblazer Equilibrium,Femme Footwear Trailblazer,A,40,0,0,10,0.0,0
1940,PROD-177100,PROD-121055 SEG-504165 Junior Apparel Cozy Pullovers Varied,Junior Apparel Cozy Pullovers,C,5,0,0,0,0.0,0
1941,PROD-177103,PROD-121067 SEG-504167 Junior Apparel Cozy Trousers Varied,Junior Apparel Cozy Trousers,C,5,0,0,2,0.0,0
1942,PROD-177105,PROD-121065 SEG-504167 Junior Apparel Cozy Trousers Varied,Junior Apparel Cozy Trousers,C,5,0,0,0,0.0,0
1943,PROD-177108,PROD-121062 SEG-504166 Junior Apparel Cozy Pullovers Varied,Junior Apparel Cozy Pullovers,C,9,0,0,0,0.0,0
2235,PROD-188435,PROD-122929 SEG-504712 Junior Apparel Cozy Pullovers Varied,Junior Apparel Cozy Pullovers,C,9,0,0,0,0.0,0
1689,PROD-171013,PROD-122050 SEG-504468 Junior Apparel Cozy Trousers Varied,Junior Apparel Cozy Trousers,C,14,0,0,1,0.0,0
2322,PROD-194287,PROD-114481 SEG-502549 Scholar Footwear Modern Legend Summit,Scholar Footwear Modern Legend,A,40,0,0,2,0.0,0
156,PROD-124430,PROD-154325 SEG-512711 Femme Footwear Trailblazer Zephyr,Femme Footwear Trailblazer,A,40,0,0,16,0.0,0
157,PROD-124431,PROD-154326 SEG-512711 Femme Footwear Trailblazer Zephyr,Femme Footwear Trailblazer,A,40,0,0,15,0.0,0
158,PROD-124432,PROD-154327 SEG-512711 Femme Footwear Trailblazer Zephyr,Femme Footwear Trailblazer,A,40,0,0,12,0.0,0
2275,PROD-190490,PROD-105042 SEG-500828 Junior Apparel Crew Tees Varied,Junior Apparel Crew Tees,C,9,0,0,0,0.0,0
1144,PROD-166177,PROD-148950 SEG-511405 Femme Footwear Trailblazer Equilibrium,Femme Footwear Trailblazer,A,40,0,0,6,0.0,0
1146,PROD-166179,PROD-148952 SEG-511405 Femme Footwear Trailblazer Equilibrium,Femme Footwear Trailblazer,B,40,0,0,0,0.0,0
1149,PROD-166183,PROD-148901 SEG-511400 Femme Footwear Trailblazer Equilibrium,Femme Footwear Trailblazer,B,23,2,0,0,0.0,2
1150,PROD-166184,PROD-148902 SEG-511400 Femme Footwear Trailblazer Equilibrium,Femme Footwear Trailblazer,B,23,2,0,0,0.0,2
2276,PROD-190491,PROD-105041 SEG-500828 Junior Apparel Crew Tees Varied,Junior Apparel Crew Tees,C,9,0,0,0,0.0,0
1157,PROD-166226,PROD-149562 SEG-511489 Junior Apparel Cozy Pullovers Varied,Junior Apparel Cozy Pullovers,C,14,1,1,1,0.0,2
2287,PROD-191291,PROD-130480 SEG-506679 Junior Apparel Cozy Trousers Varied,Junior Apparel Cozy Trousers,C,9,0,0,0,0.0,0
1127,PROD-166160,PROD-149170 SEG-511428 Femme Footwear Trailblazer Equilibrium,Femme Footwear Trailblazer,B,40,4,0,1,0.0,4
1128,PROD-166161,PROD-149171 SEG-511428 Femme Footwear Trailblazer Equilibrium,Femme Footwear Trailblazer,B,40,0,0,0,0.0,0
1130,PROD-166163,PROD-148936 SEG-511404 Femme Footwear Trailblazer Equilibrium,Femme Footwear Trailblazer,A,40,1,0,7,0.0,1
1900,PROD-176004,PROD-188078 SEG-520268 Femme Footwear Trailblazer Zephyr,Femme Footwear Trailblazer,A,40,0,0,2,0.0,0
1903,PROD-176007,PROD-188081 SEG-520268 Femme Footwear Trailblazer Zephyr,Femme Footwear Trailblazer,B,40,0,0,0,0.0,0
1905,PROD-176325,PROD-111682 SEG-502290 Scholar Footwear Flight Classic Zephyr,Scholar Footwear Flight Classic,B,40,0,0,2,0.0,0
2290,PROD-191294,PROD-130476 SEG-506677 Junior Apparel Crew Tees Varied,Junior Apparel Crew Tees,C,9,0,0,0,0.0,0
175,PROD-125402,PROD-185208 SEG-519441 Femme Footwear Boot Collection Plushfoot,Femme Footwear Boot Collection,B,15,0,0,0,0.0,0
176,PROD-125403,PROD-185209 SEG-519441 Femme Footwear Boot Collection Plushfoot,Femme Footwear Boot Collection,B,16,0,0,3,0.0,0
177,PROD-125404,PROD-185210 SEG-519441 Femme Footwear Boot Collection Plushfoot,Femme Footwear Boot Collection,B,17,0,0,3,0.0,0
534,PROD-153816,PROD-122194 SEG-504498 Junior Apparel Crew Tees Varied,Junior Apparel Crew Tees,C,15,0,0,2,0.0,0
538,PROD-153835,PROD-134082 SEG-507545 Junior Apparel Light Shells Varied,Junior Apparel Light Shells,C,18,0,0,3,0.0,0
2323,PROD-194288,PROD-114480 SEG-502549 Scholar Footwear Modern Legend Summit,Scholar Footwear Modern Legend,A,40,0,0,1,0.0,0
509,PROD-152542,PROD-174088 SEG-516991 Femme Footwear Court Casual Zephyr,Femme Footwear Court Casual,B,22,6,0,0,0.0,6
374,PROD-146843,PROD-170770 SEG-516389 Junior Apparel Crew Tees Varied,Junior Apparel Crew Tees,C,16,0,0,1,0.0,0
380,PROD-146852,PROD-170777 SEG-516390 Junior Apparel Trousers Varied,Junior Apparel Trousers,C,12,0,0,0,0.0,0
1686,PROD-171007,PROD-122060 SEG-504470 Junior Apparel Crew Tees Varied,Junior Apparel Crew Tees,C,18,0,0,0,0.0,0
178,PROD-125405,PROD-185211 SEG-519441 Femme Footwear Boot Collection Plushfoot,Femme Footwear Boot Collection,B,18,0,0,0,0.0,0
1687,PROD-171010,PROD-122045 SEG-504467 Junior Apparel Cozy Pullovers Varied,Junior Apparel Cozy Pullovers,C,13,0,0,1,0.0,0
360,PROD-146044,PROD-190020 SEG-520669 Femme Footwear Court Casual Zephyr,Femme Footwear Court Casual,C,21,0,0,2,0.0,0
362,PROD-146809,PROD-174411 SEG-517039 Junior Apparel Cozy Pullovers Varied,Junior Apparel Cozy Pullovers,C,14,0,0,2,0.0,0
386,PROD-147978,PROD-157748 SEG-513796 Junior Apparel Light Shells Varied,Junior Apparel Light Shells,C,10,0,0,2,0.0,0
387,PROD-147979,PROD-157747 SEG-513796 Junior Apparel Light Shells Varied,Junior Apparel Light Shells,C,9,0,0,1,0.0,0
1688,PROD-171012,PROD-122051 SEG-504468 Junior Apparel Cozy Trousers Varied,Junior Apparel Cozy Trousers,C,14,0,0,1,0.0,0
2325,PROD-194290,PROD-114482 SEG-502549 Scholar Footwear Modern Legend Summit,Scholar Footwear Modern Legend,A,40,0,0,3,0.0,0
627,PROD-157402,PROD-148444 SEG-511311 Junior Apparel Printed Tees Varied,Junior Apparel Printed Tees,C,16,0,0,5,0.0,0
596,PROD-156681,PROD-104719 SEG-500693 Newborn Footwear Trailblazer Varied,Scholar Footwear Trailblazer,B,13,1,1,4,0.0,2
605,PROD-156872,PROD-104380 SEG-500626 Junior Apparel Denim Classics Varied,Junior Apparel Denim Classics,C,12,0,0,4,0.0,0
1180,PROD-167107,PROD-109512 SEG-501988 Femme Footwear Trailblazer Stride Pro,Femme Footwear Trailblazer,B,7,0,0,4,0.0,0
1181,PROD-167108,PROD-109513 SEG-501988 Femme Footwear Trailblazer Stride Pro,Femme Footwear Trailblazer,B,8,0,0,4,0.0,0
1182,PROD-167109,PROD-109514 SEG-501988 Femme Footwear Trailblazer Stride Pro,Femme Footwear Trailblazer,B,7,0,0,3,0.0,0
1183,PROD-167110,PROD-109515 SEG-501988 Femme Footwear Trailblazer Stride Pro,Femme Footwear Trailblazer,B,9,0,0,3,0.0,0
1184,PROD-167112,PROD-109517 SEG-501988 Femme Footwear Trailblazer Stride Pro,Femme Footwear Trailblazer,B,8,0,0,1,0.0,0
1185,PROD-167187,PROD-103374 SEG-500459 Scholar Footwear Canvas Styles Drifter,Scholar Footwear Canvas Styles,A,27,0,0,17,0.0,0
606,PROD-156873,PROD-104381 SEG-500626 Junior Apparel Denim Classics Varied,Junior Apparel Denim Classics,C,16,0,0,4,0.0,0
1890,PROD-175969,PROD-154308 SEG-512708 Femme Footwear Trailblazer Zephyr,Femme Footwear Trailblazer,A,40,0,0,1,0.0,0
1891,PROD-175970,PROD-154309 SEG-512708 Femme Footwear Trailblazer Zephyr,Femme Footwear Trailblazer,A,40,0,0,2,0.0,0
1892,PROD-175971,PROD-154310 SEG-512708 Femme Footwear Trailblazer Zephyr,Femme Footwear Trailblazer,A,40,0,0,1,0.0,0
1893,PROD-175972,PROD-154302 SEG-512708 Femme Footwear Trailblazer Zephyr,Femme Footwear Trailblazer,B,40,0,0,0,0.0,0
1895,PROD-175997,PROD-166631 SEG-515650 Femme Footwear Trailblazer Zephyr,Femme Footwear Trailblazer,B,40,0,0,0,0.0,0
1896,PROD-176000,PROD-188074 SEG-520268 Femme Footwear Trailblazer Zephyr,Femme Footwear Trailblazer,B,40,0,0,2,0.0,0
1897,PROD-176001,PROD-188075 SEG-520268 Femme Footwear Trailblazer Zephyr,Femme Footwear Trailblazer,B,40,0,0,1,0.0,0
1898,PROD-176002,PROD-188076 SEG-520268 Femme Footwear Trailblazer Zephyr,Femme Footwear Trailblazer,A,40,0,0,4,0.0,0
1191,PROD-167638,PROD-149325 SEG-511442 Scholar Footwear Trailblazer Equilibrium,Scholar Footwear Trailblazer,A,40,0,0,2,0.0,0
1197,PROD-167644,PROD-149323 SEG-511442 Scholar Footwear Trailblazer Equilibrium,Scholar Footwear Trailblazer,B,40,0,0,0,0.0,0
1201,PROD-167783,PROD-138232 SEG-508701 Scholar Footwear Modern Legend Summit,Scholar Footwear Modern Legend,B,22,0,0,3,0.0,0
1202,PROD-167784,PROD-138237 SEG-508701 Scholar Footwear Modern Legend Summit,Scholar Footwear Modern Legend,A,22,0,0,5,0.0,0
1203,PROD-167785,PROD-138235 SEG-508701 Scholar Footwear Modern Legend Summit,Scholar Footwear Modern Legend,B,22,0,0,4,0.0,0
356,PROD-146039,PROD-190025 SEG-520669 Femme Footwear Court Casual Zephyr,Femme Footwear Court Casual,C,20,0,0,3,0.0,0
357,PROD-146040,PROD-190026 SEG-520669 Femme Footwear Court Casual Zephyr,Femme Footwear Court Casual,B,23,0,0,3,0.0,0
359,PROD-146042,PROD-190028 SEG-520669 Femme Footwear Court Casual Zephyr,Femme Footwear Court Casual,A,34,0,0,10,0.0,0
1204,PROD-167786,PROD-138239 SEG-508701 Scholar Footwear Modern Legend Summit,Scholar Footwear Modern Legend,A,22,0,0,4,0.0,0
1210,PROD-167823,PROD-114513 SEG-502553 Scholar Footwear Modern Legend Summit,Scholar Footwear Modern Legend,B,32,0,0,2,0.0,0
1213,PROD-167826,PROD-114520 SEG-502553 Scholar Footwear Modern Legend Summit,Scholar Footwear Modern Legend,A,32,0,0,7,0.0,0
1214,PROD-168037,PROD-168252 SEG-515945 Junior Apparel Crew Tees Varied,Junior Apparel Crew Tees,C,19,0,0,4,0.0,0
1215,PROD-168049,PROD-168248 SEG-515944 Junior Apparel Crew Tees Varied,Junior Apparel Crew Tees,C,18,0,0,2,0.0,0
1216,PROD-168050,PROD-168247 SEG-515944 Junior Apparel Crew Tees Varied,Junior Apparel Crew Tees,C,17,0,0,4,0.0,0
1217,PROD-168053,PROD-168236 SEG-515941 Junior Apparel Crew Tees Varied,Junior Apparel Crew Tees,C,18,0,0,3,0.0,0
608,PROD-156875,PROD-104383 SEG-500626 Junior Apparel Denim Classics Varied,Junior Apparel Denim Classics,C,9,0,0,2,0.0,0
1219,PROD-168056,PROD-168241 SEG-515942 Junior Apparel Crew Tees Varied,Junior Apparel Crew Tees,C,10,0,0,0,0.0,0
1883,PROD-175962,PROD-152554 SEG-512316 Femme Footwear Court Casual Zephyr,Femme Footwear Court Casual,C,40,0,0,0,0.0,0
1884,PROD-175963,PROD-152546 SEG-512316 Femme Footwear Court Casual Zephyr,Femme Footwear Court Casual,B,40,0,0,0,0.0,0
1885,PROD-175964,PROD-154303 SEG-512708 Femme Footwear Trailblazer Zephyr,Femme Footwear Trailblazer,B,40,0,0,0,0.0,0
1886,PROD-175965,PROD-154304 SEG-512708 Femme Footwear Trailblazer Zephyr,Femme Footwear Trailblazer,B,40,0,0,0,0.0,0
1887,PROD-175966,PROD-154305 SEG-512708 Femme Footwear Trailblazer Zephyr,Femme Footwear Trailblazer,B,40,0,0,0,0.0,0
1888,PROD-175967,PROD-154306 SEG-512708 Femme Footwear Trailblazer Zephyr,Femme Footwear Trailblazer,A,40,0,0,1,0.0,0
1889,PROD-175968,PROD-154307 SEG-512708 Femme Footwear Trailblazer Zephyr,Femme Footwear Trailblazer,A,40,0,0,1,0.0,0
1222,PROD-168060,PROD-168233 SEG-515940 Junior Apparel Miscellany Varied,Junior Apparel Miscellany,C,10,0,0,2,0.0,0
1223,PROD-168061,PROD-168232 SEG-515940 Junior Apparel Miscellany Varied,Junior Apparel Miscellany,C,18,0,0,3,0.0,0
1224,PROD-168062,PROD-168231 SEG-515940 Junior Apparel Miscellany Varied,Junior Apparel Miscellany,C,18,0,0,1,0.0,0
1225,PROD-168063,PROD-168234 SEG-515940 Junior Apparel Miscellany Varied,Junior Apparel Miscellany,C,11,0,0,0,0.0,0
1226,PROD-168065,PROD-168256 SEG-515946 Junior Apparel Crew Tees Varied,Junior Apparel Crew Tees,C,14,0,0,3,0.0,0
1227,PROD-168066,PROD-168255 SEG-515946 Junior Apparel Crew Tees Varied,Junior Apparel Crew Tees,C,13,0,0,4,0.0,0
1228,PROD-168067,PROD-168258 SEG-515946 Junior Apparel Crew Tees Varied,Junior Apparel Crew Tees,C,2,0,0,0,0.0,0
1229,PROD-168068,PROD-168272 SEG-515949 Junior Apparel Crop Pants Varied,Junior Apparel Crop Pants,C,12,0,0,0,0.0,0
1230,PROD-168069,PROD-168271 SEG-515949 Junior Apparel Crop Pants Varied,Junior Apparel Crop Pants,C,18,0,0,1,0.0,0
1231,PROD-168070,PROD-168270 SEG-515949 Junior Apparel Crop Pants Varied,Junior Apparel Crop Pants,C,18,0,0,1,0.0,0
1232,PROD-168072,PROD-168261 SEG-515947 Junior Apparel Miscellany Varied,Junior Apparel Miscellany,C,8,0,0,2,0.0,0
1233,PROD-168073,PROD-168260 SEG-515947 Junior Apparel Miscellany Varied,Junior Apparel Miscellany,C,11,0,0,1,0.0,0
1234,PROD-168076,PROD-168245 SEG-515943 Junior Apparel Crew Tees Varied,Junior Apparel Crew Tees,C,10,0,0,0,0.0,0
1235,PROD-168077,PROD-168244 SEG-515943 Junior Apparel Crew Tees Varied,Junior Apparel Crew Tees,C,17,0,0,2,0.0,0
369,PROD-146818,PROD-174396 SEG-517036 Junior Apparel Cozy Pullovers Varied,Junior Apparel Cozy Pullovers,C,16,0,0,2,0.0,0
370,PROD-146819,PROD-174397 SEG-517036 Junior Apparel Cozy Pullovers Varied,Junior Apparel Cozy Pullovers,C,18,1,1,4,0.0,2
340,PROD-145911,PROD-174375 SEG-517032 Femme Footwear Trailblazer Zephyr,Femme Footwear Trailblazer,C,25,0,0,1,0.0,0
341,PROD-145912,PROD-174376 SEG-517032 Femme Footwear Trailblazer Zephyr,Femme Footwear Trailblazer,A,31,0,0,9,0.0,0
343,PROD-145914,PROD-174378 SEG-517032 Femme Footwear Trailblazer Zephyr,Femme Footwear Trailblazer,B,26,0,0,2,0.0,0
346,PROD-145917,PROD-174381 SEG-517032 Femme Footwear Trailblazer Zephyr,Femme Footwear Trailblazer,B,18,0,0,1,0.0,0
1236,PROD-168078,PROD-168243 SEG-515943 Junior Apparel Crew Tees Varied,Junior Apparel Crew Tees,C,17,0,0,4,0.0,0
1237,PROD-168093,PROD-168229 SEG-515939 Junior Apparel Miscellany Varied,Junior Apparel Miscellany,C,15,0,0,0,0.0,0
1240,PROD-168096,PROD-168230 SEG-515939 Junior Apparel Miscellany Varied,Junior Apparel Miscellany,C,17,0,0,0,0.0,0
1243,PROD-168101,PROD-170289 SEG-516312 Junior Apparel Crew Tees Varied,Junior Apparel Crew Tees,C,8,0,0,1,0.0,0
1244,PROD-168102,PROD-170288 SEG-516312 Junior Apparel Crew Tees Varied,Junior Apparel Crew Tees,C,17,0,0,4,0.0,0
1245,PROD-168103,PROD-170287 SEG-516312 Junior Apparel Crew Tees Varied,Junior Apparel Crew Tees,C,17,0,0,3,0.0,0
1246,PROD-168110,PROD-170277 SEG-516309 Junior Apparel Crew Tees Varied,Junior Apparel Crew Tees,C,19,0,0,2,0.0,0
610,PROD-156880,PROD-104443 SEG-500639 Junior Apparel Denim Classics Varied,Junior Apparel Denim Classics,C,10,0,0,3,0.0,0
611,PROD-156885,PROD-104409 SEG-500633 Junior Apparel Denim Classics Varied,Junior Apparel Denim Classics,C,11,0,0,1,0.0,0
2321,PROD-194285,PROD-114479 SEG-502549 Scholar Footwear Modern Legend Summit,Scholar Footwear Modern Legend,B,40,0,0,3,0.0,0
1250,PROD-168470,PROD-110251 SEG-502137 Femme Footwear Boot Collection Plushfoot,Femme Footwear Boot Collection,B,5,1,0,1,0.0,1
1252,PROD-168474,PROD-189906 SEG-520646 Femme Footwear Boot Collection Plushfoot,Femme Footwear Boot Collection,A,18,1,1,4,0.0,2
1876,PROD-175952,PROD-153467 SEG-512522 Femme Footwear Court Casual Zephyr,Femme Footwear Court Casual,C,40,0,0,0,0.0,0
1877,PROD-175955,PROD-152547 SEG-512316 Femme Footwear Court Casual Zephyr,Femme Footwear Court Casual,C,40,0,0,0,0.0,0
1878,PROD-175956,PROD-152548 SEG-512316 Femme Footwear Court Casual Zephyr,Femme Footwear Court Casual,C,40,0,0,0,0.0,0
1879,PROD-175957,PROD-152549 SEG-512316 Femme Footwear Court Casual Zephyr,Femme Footwear Court Casual,B,40,0,0,0,0.0,0
1880,PROD-175959,PROD-152551 SEG-512316 Femme Footwear Court Casual Zephyr,Femme Footwear Court Casual,B,40,0,0,0,0.0,0
1881,PROD-175960,PROD-152552 SEG-512316 Femme Footwear Court Casual Zephyr,Femme Footwear Court Casual,B,40,0,0,0,0.0,0
1882,PROD-175961,PROD-152553 SEG-512316 Femme Footwear Court Casual Zephyr,Femme Footwear Court Casual,B,40,1,0,0,0.0,1
1256,PROD-168478,PROD-189904 SEG-520646 Femme Footwear Boot Collection Plushfoot,Femme Footwear Boot Collection,C,17,0,0,1,0.0,0
1257,PROD-168481,PROD-110244 SEG-502136 Femme Footwear Boot Collection Plushfoot,Femme Footwear Boot Collection,C,5,0,0,1,0.0,0
1258,PROD-168499,PROD-187243 SEG-520058 Femme Footwear Boot Collection Plushfoot,Femme Footwear Boot Collection,C,18,0,0,0,0.0,0
1259,PROD-168500,PROD-187244 SEG-520058 Femme Footwear Boot Collection Plushfoot,Femme Footwear Boot Collection,B,18,0,0,4,0.0,0
1260,PROD-168505,PROD-187390 SEG-520083 Femme Footwear Boot Collection Plushfoot,Femme Footwear Boot Collection,B,9,0,0,1,0.0,0
1261,PROD-168512,PROD-187384 SEG-520082 Femme Footwear Boot Collection Plushfoot,Femme Footwear Boot Collection,B,7,0,0,0,0.0,0
2198,PROD-183817,PROD-103482 SEG-500475 Femme Footwear Trailblazer Zephyr,Femme Footwear Trailblazer,B,40,0,0,0,0.0,0
632,PROD-157417,PROD-104874 SEG-500746 Junior Apparel Printed Tees Varied,Junior Apparel Printed Tees,C,17,0,0,5,0.0,0
637,PROD-157484,PROD-155888 SEG-513288 Junior Apparel Printed Tees Varied,Junior Apparel Printed Tees,C,17,0,0,2,0.0,0
355,PROD-146038,PROD-190024 SEG-520669 Femme Footwear Court Casual Zephyr,Femme Footwear Court Casual,A,28,0,0,5,0.0,0
644,PROD-157533,PROD-122579 SEG-504599 Femme Footwear Court Casual Trident,Femme Footwear Court Casual,C,11,2,0,0,0.0,2
614,PROD-156898,PROD-104383 SEG-500626 Junior Apparel Denim Classics Varied,Junior Apparel Denim Classics,C,13,0,0,0,0.0,0
1277,PROD-168547,PROD-187356 SEG-520078 Femme Footwear Boot Collection Plushfoot,Femme Footwear Boot Collection,B,17,2,0,1,0.0,2
1278,PROD-168550,PROD-187343 SEG-520075 Femme Footwear Boot Collection Plushfoot,Femme Footwear Boot Collection,B,17,0,0,1,0.0,0
1280,PROD-168552,PROD-187345 SEG-520075 Femme Footwear Boot Collection Plushfoot,Femme Footwear Boot Collection,A,18,0,0,5,0.0,0
1285,PROD-168757,PROD-122110 SEG-504480 Junior Apparel Cozy Pullovers Varied,Junior Apparel Cozy Pullovers,C,19,0,0,3,0.0,0
1287,PROD-168759,PROD-122107 SEG-504480 Junior Apparel Cozy Pullovers Varied,Junior Apparel Cozy Pullovers,B,19,0,0,8,0.0,0
1866,PROD-175925,PROD-173849 SEG-516959 Femme Footwear Flight Classic Varied,Femme Footwear Flight Classic,B,40,0,0,0,0.0,0
1867,PROD-175927,PROD-173842 SEG-516959 Femme Footwear Flight Classic Varied,Femme Footwear Flight Classic,B,40,0,0,0,0.0,0
1868,PROD-175940,PROD-153425 SEG-512517 Femme Footwear Court Casual Zephyr,Femme Footwear Court Casual,C,40,0,0,0,0.0,0
1869,PROD-175941,PROD-153426 SEG-512517 Femme Footwear Court Casual Zephyr,Femme Footwear Court Casual,B,40,0,0,0,0.0,0
1871,PROD-175943,PROD-153428 SEG-512517 Femme Footwear Court Casual Zephyr,Femme Footwear Court Casual,A,40,0,0,1,0.0,0
1872,PROD-175944,PROD-153429 SEG-512517 Femme Footwear Court Casual Zephyr,Femme Footwear Court Casual,B,40,0,0,0,0.0,0
1873,PROD-175945,PROD-153421 SEG-512517 Femme Footwear Court Casual Zephyr,Femme Footwear Court Casual,B,40,0,0,1,0.0,0
1875,PROD-175951,PROD-153466 SEG-512522 Femme Footwear Court Casual Zephyr,Femme Footwear Court Casual,B,40,0,0,1,0.0,0
1319,PROD-168800,PROD-168326 SEG-515962 Junior Apparel Crew Tees Varied,Junior Apparel Crew Tees,C,19,0,0,6,0.0,0
1321,PROD-168802,PROD-168328 SEG-515962 Junior Apparel Crew Tees Varied,Junior Apparel Crew Tees,C,19,0,0,0,0.0,0
1289,PROD-168761,PROD-122109 SEG-504480 Junior Apparel Cozy Pullovers Varied,Junior Apparel Cozy Pullovers,C,19,1,0,5,0.0,1
1290,PROD-168762,PROD-122130 SEG-504484 Junior Apparel Cozy Trousers Varied,Junior Apparel Cozy Trousers,C,19,0,0,2,0.0,0
1291,PROD-168763,PROD-122128 SEG-504484 Junior Apparel Cozy Trousers Varied,Junior Apparel Cozy Trousers,C,19,0,0,3,0.0,0
1292,PROD-168764,PROD-122127 SEG-504484 Junior Apparel Cozy Trousers Varied,Junior Apparel Cozy Trousers,C,19,0,0,2,0.0,0
1293,PROD-168765,PROD-122126 SEG-504484 Junior Apparel Cozy Trousers Varied,Junior Apparel Cozy Trousers,C,20,0,0,6,0.0,0
1294,PROD-168766,PROD-122129 SEG-504484 Junior Apparel Cozy Trousers Varied,Junior Apparel Cozy Trousers,C,19,0,0,3,0.0,0
1295,PROD-168767,PROD-122105 SEG-504479 Junior Apparel Cozy Pullovers Varied,Junior Apparel Cozy Pullovers,C,19,0,0,1,0.0,0
1296,PROD-168768,PROD-122103 SEG-504479 Junior Apparel Cozy Pullovers Varied,Junior Apparel Cozy Pullovers,C,19,0,0,1,0.0,0
1299,PROD-168771,PROD-122104 SEG-504479 Junior Apparel Cozy Pullovers Varied,Junior Apparel Cozy Pullovers,C,19,0,0,1,0.0,0
1300,PROD-168772,PROD-122125 SEG-504483 Junior Apparel Cozy Trousers Varied,Junior Apparel Cozy Trousers,C,19,0,0,2,0.0,0
1304,PROD-168776,PROD-122124 SEG-504483 Junior Apparel Cozy Trousers Varied,Junior Apparel Cozy Trousers,C,19,0,0,7,0.0,0
350,PROD-146001,PROD-190062 SEG-520677 Femme Footwear Trailblazer Zephyr,Femme Footwear Trailblazer,B,15,0,0,1,0.0,0
351,PROD-146002,PROD-190063 SEG-520677 Femme Footwear Trailblazer Zephyr,Femme Footwear Trailblazer,C,12,0,0,5,0.0,0
354,PROD-146037,PROD-190023 SEG-520669 Femme Footwear Court Casual Zephyr,Femme Footwear Court Casual,C,26,0,0,0,0.0,0
618,PROD-156902,PROD-108087 SEG-501601 Junior Apparel Denim Classics Varied,Junior Apparel Denim Classics,C,10,0,0,1,0.0,0
2245,PROD-188459,PROD-122935 SEG-504713 Junior Apparel Cozy Pullovers Varied,Junior Apparel Cozy Pullovers,C,8,0,0,0,0.0,0
2246,PROD-188460,PROD-122934 SEG-504713 Junior Apparel Cozy Pullovers Varied,Junior Apparel Cozy Pullovers,C,8,0,0,0,0.0,0
2248,PROD-188465,PROD-122944 SEG-504715 Junior Apparel Cozy Trousers Varied,Junior Apparel Cozy Trousers,C,8,0,0,0,0.0,0
2249,PROD-188467,PROD-122946 SEG-504715 Junior Apparel Cozy Trousers Varied,Junior Apparel Cozy Trousers,C,8,0,0,0,0.0,0
2250,PROD-188473,PROD-129722 SEG-506466 Junior Apparel Crew Tees Varied,Junior Apparel Crew Tees,C,9,0,0,0,0.0,0
2253,PROD-188476,PROD-129718 SEG-506466 Junior Apparel Crew Tees Varied,Junior Apparel Crew Tees,C,9,0,0,2,0.0,0
2254,PROD-189753,PROD-121187 SEG-504198 Junior Apparel Cozy Pullovers Varied,Junior Apparel Cozy Pullovers,C,9,0,0,0,0.0,0
2255,PROD-189754,PROD-121186 SEG-504198 Junior Apparel Cozy Pullovers Varied,Junior Apparel Cozy Pullovers,C,9,0,0,0,0.0,0
2256,PROD-189770,PROD-121182 SEG-504197 Junior Apparel Cozy Trousers Varied,Junior Apparel Cozy Trousers,C,9,0,0,0,0.0,0
2257,PROD-190338,PROD-137215 SEG-508422 Junior Apparel Crew Tees Varied,Junior Apparel Crew Tees,C,18,0,0,2,0.0,0
2259,PROD-190340,PROD-137217 SEG-508422 Junior Apparel Crew Tees Varied,Junior Apparel Crew Tees,C,18,0,0,0,0.0,0
1864,PROD-175923,PROD-173847 SEG-516959 Femme Footwear Flight Classic Varied,Femme Footwear Flight Classic,B,40,0,0,0,0.0,0
1865,PROD-175924,PROD-173848 SEG-516959 Femme Footwear Flight Classic Varied,Femme Footwear Flight Classic,B,40,0,0,0,0.0,0
1313,PROD-168793,PROD-168334 SEG-515963 Junior Apparel Crew Tees Varied,Junior Apparel Crew Tees,C,19,0,0,1,0.0,0
1318,PROD-168799,PROD-168327 SEG-515962 Junior Apparel Crew Tees Varied,Junior Apparel Crew Tees,C,19,0,0,1,0.0,0
1333,PROD-168819,PROD-170241 SEG-516301 Junior Apparel Cozy Pullovers Varied,Junior Apparel Cozy Pullovers,C,19,0,0,11,0.0,0
1335,PROD-168821,PROD-170239 SEG-516301 Junior Apparel Cozy Pullovers Varied,Junior Apparel Cozy Pullovers,C,19,0,0,9,0.0,0
1337,PROD-168823,PROD-170253 SEG-516303 Junior Apparel Cozy Trousers Varied,Junior Apparel Cozy Trousers,C,19,0,0,2,0.0,0
195,PROD-131808,PROD-174405 SEG-517038 Junior Apparel Cozy Trousers Family Line,Junior Apparel Cozy Trousers,C,18,2,2,4,0.0,4
1846,PROD-175755,PROD-113997 SEG-502512 Femme Footwear Retro Legend Summit,Femme Footwear Retro Legend,B,15,0,0,0,0.0,0
1847,PROD-175756,PROD-113998 SEG-502512 Femme Footwear Retro Legend Summit,Femme Footwear Retro Legend,B,15,0,0,0,0.0,0
1848,PROD-175757,PROD-113999 SEG-502512 Femme Footwear Retro Legend Summit,Femme Footwear Retro Legend,A,15,0,0,0,0.0,0
1850,PROD-175759,PROD-114001 SEG-502512 Femme Footwear Retro Legend Summit,Femme Footwear Retro Legend,A,15,0,0,1,0.0,0
1855,PROD-175768,PROD-114762 SEG-502579 Femme Footwear Retro Legend Summit,Femme Footwear Retro Legend,B,6,0,0,0,0.0,0
1856,PROD-175770,PROD-114764 SEG-502579 Femme Footwear Retro Legend Summit,Femme Footwear Retro Legend,B,5,0,0,0,0.0,0
1857,PROD-175823,PROD-112764 SEG-502407 Femme Footwear Modern Legend Summit,Femme Footwear Modern Legend,B,11,0,0,1,0.0,0
1859,PROD-175825,PROD-112766 SEG-502407 Femme Footwear Modern Legend Summit,Femme Footwear Modern Legend,B,11,0,0,2,0.0,0
1860,PROD-175826,PROD-112767 SEG-502407 Femme Footwear Modern Legend Summit,Femme Footwear Modern Legend,B,11,0,0,2,0.0,0
1861,PROD-175828,PROD-112760 SEG-502407 Femme Footwear Modern Legend Summit,Femme Footwear Modern Legend,C,11,0,0,0,0.0,0
1862,PROD-175921,PROD-173845 SEG-516959 Femme Footwear Flight Classic Varied,Femme Footwear Flight Classic,B,40,0,0,0,0.0,0
1863,PROD-175922,PROD-173846 SEG-516959 Femme Footwear Flight Classic Varied,Femme Footwear Flight Classic,B,40,0,0,1,0.0,0
1347,PROD-168834,PROD-170357 SEG-516328 Junior Apparel Crew Tees Varied,Junior Apparel Crew Tees,C,19,0,0,3,0.0,0
1348,PROD-168835,PROD-170356 SEG-516328 Junior Apparel Crew Tees Varied,Junior Apparel Crew Tees,C,19,0,0,5,0.0,0
1350,PROD-168839,PROD-170352 SEG-516327 Junior Apparel Crew Tees Varied,Junior Apparel Crew Tees,C,19,0,0,2,0.0,0
1351,PROD-168840,PROD-170351 SEG-516327 Junior Apparel Crew Tees Varied,Junior Apparel Crew Tees,C,20,0,0,3,0.0,0
1352,PROD-168841,PROD-170350 SEG-516327 Junior Apparel Crew Tees Varied,Junior Apparel Crew Tees,C,19,0,0,1,0.0,0
619,PROD-156903,PROD-108088 SEG-501601 Junior Apparel Denim Classics Varied,Junior Apparel Denim Classics,C,11,0,0,2,0.0,0
1323,PROD-168805,PROD-168189 SEG-515931 Junior Apparel Crew Tees Varied,Junior Apparel Crew Tees,C,19,0,0,1,0.0,0
1324,PROD-168806,PROD-168188 SEG-515931 Junior Apparel Crew Tees Varied,Junior Apparel Crew Tees,C,19,0,0,1,0.0,0
620,PROD-156904,PROD-108089 SEG-501601 Junior Apparel Denim Classics Varied,Junior Apparel Denim Classics,C,13,0,0,2,0.0,0
1326,PROD-168809,PROD-168342 SEG-515965 Junior Apparel Crew Tees Varied,Junior Apparel Crew Tees,C,19,0,0,0,0.0,0
1327,PROD-168810,PROD-168341 SEG-515965 Junior Apparel Crew Tees Varied,Junior Apparel Crew Tees,C,19,0,0,2,0.0,0
1328,PROD-168811,PROD-168340 SEG-515965 Junior Apparel Crew Tees Varied,Junior Apparel Crew Tees,C,19,0,0,1,0.0,0
1329,PROD-168815,PROD-170245 SEG-516302 Junior Apparel Cozy Trousers Varied,Junior Apparel Cozy Trousers,C,19,0,0,2,0.0,0
1330,PROD-168816,PROD-170244 SEG-516302 Junior Apparel Cozy Trousers Varied,Junior Apparel Cozy Trousers,C,19,0,0,2,0.0,0
1331,PROD-168817,PROD-170247 SEG-516302 Junior Apparel Cozy Trousers Varied,Junior Apparel Cozy Trousers,C,19,0,0,0,0.0,0
1332,PROD-168818,PROD-170243 SEG-516301 Junior Apparel Cozy Pullovers Varied,Junior Apparel Cozy Pullovers,C,19,0,0,1,0.0,0
621,PROD-156925,PROD-108141 SEG-501617 Junior Apparel Denim Classics Varied,Junior Apparel Denim Classics,C,10,0,0,2,0.0,0
188,PROD-129497,PROD-102673 SEG-500366 Femme Footwear Trailblazer Zephyr,Femme Footwear Trailblazer,B,40,1,0,0,0.0,1
622,PROD-156926,PROD-108137 SEG-501617 Junior Apparel Denim Classics Varied,Junior Apparel Denim Classics,C,12,0,0,1,0.0,0
193,PROD-131806,PROD-174407 SEG-517040 Junior Apparel Cozy Trousers Family Line,Junior Apparel Cozy Trousers,C,16,0,0,4,0.0,0
1358,PROD-168853,PROD-148659 SEG-511371 Femme Footwear Trailblazer Equilibrium,Femme Footwear Trailblazer,B,23,4,0,6,0.0,4
1359,PROD-168854,PROD-148660 SEG-511371 Femme Footwear Trailblazer Equilibrium,Femme Footwear Trailblazer,B,23,8,0,1,0.0,8
624,PROD-156931,PROD-108103 SEG-501608 Junior Apparel Denim Classics Varied,Junior Apparel Denim Classics,C,11,0,0,2,0.0,0
625,PROD-156935,PROD-108090 SEG-501601 Junior Apparel Denim Classics Varied,Junior Apparel Denim Classics,C,16,0,0,1,0.0,0
1338,PROD-168824,PROD-170251 SEG-516303 Junior Apparel Cozy Trousers Varied,Junior Apparel Cozy Trousers,C,19,0,0,6,0.0,0
1339,PROD-168825,PROD-170250 SEG-516303 Junior Apparel Cozy Trousers Varied,Junior Apparel Cozy Trousers,C,19,0,0,5,0.0,0
1340,PROD-168826,PROD-170249 SEG-516303 Junior Apparel Cozy Trousers Varied,Junior Apparel Cozy Trousers,C,19,0,0,7,0.0,0
1342,PROD-168829,PROD-170236 SEG-516300 Junior Apparel Cozy Pullovers Varied,Junior Apparel Cozy Pullovers,C,19,0,0,2,0.0,0
1343,PROD-168830,PROD-170235 SEG-516300 Junior Apparel Cozy Pullovers Varied,Junior Apparel Cozy Pullovers,C,19,0,0,2,0.0,0
1344,PROD-168831,PROD-170234 SEG-516300 Junior Apparel Cozy Pullovers Varied,Junior Apparel Cozy Pullovers,C,19,0,0,2,0.0,0
1345,PROD-168832,PROD-170237 SEG-516300 Junior Apparel Cozy Pullovers Varied,Junior Apparel Cozy Pullovers,C,19,0,0,3,0.0,0
1346,PROD-168833,PROD-170359 SEG-516328 Junior Apparel Crew Tees Varied,Junior Apparel Crew Tees,C,19,0,0,1,0.0,0
626,PROD-156936,PROD-108086 SEG-501601 Junior Apparel Denim Classics Varied,Junior Apparel Denim Classics,C,18,0,0,5,0.0,0
658,PROD-158525,PROD-174036 SEG-516985 Femme Footwear Court Casual Zephyr,Femme Footwear Court Casual,B,40,4,0,3,0.0,4
1384,PROD-169086,PROD-136944 SEG-508372 Femme Footwear Retro Legend Summit,Femme Footwear Retro Legend,B,11,0,0,0,0.0,0
1385,PROD-169097,PROD-136942 SEG-508372 Femme Footwear Retro Legend Summit,Femme Footwear Retro Legend,B,11,0,0,1,0.0,0
1386,PROD-169249,PROD-112723 SEG-502403 Scholar Footwear Modern Legend Summit,Scholar Footwear Modern Legend,B,40,0,0,4,0.0,0
1387,PROD-169250,PROD-112726 SEG-502403 Scholar Footwear Modern Legend Summit,Scholar Footwear Modern Legend,B,40,0,0,3,0.0,0
1389,PROD-169252,PROD-112728 SEG-502403 Scholar Footwear Modern Legend Summit,Scholar Footwear Modern Legend,A,40,0,0,11,0.0,0
1390,PROD-169253,PROD-112727 SEG-502403 Scholar Footwear Modern Legend Summit,Scholar Footwear Modern Legend,A,40,0,0,18,0.0,0
1840,PROD-175422,PROD-112093 SEG-502337 Scholar Footwear Modern Legend Summit,Scholar Footwear Modern Legend,A,40,0,0,7,0.0,0
1841,PROD-175423,PROD-112091 SEG-502337 Scholar Footwear Modern Legend Summit,Scholar Footwear Modern Legend,B,40,0,0,2,0.0,0
1842,PROD-175424,PROD-112096 SEG-502337 Scholar Footwear Modern Legend Summit,Scholar Footwear Modern Legend,A,40,0,0,3,0.0,0
2183,PROD-183714,PROD-121314 SEG-504230 Junior Apparel Printed Tees Varied,Junior Apparel Printed Tees,C,17,1,1,7,0.0,2
2184,PROD-183715,PROD-128352 SEG-506173 Junior Apparel Printed Tees Varied,Junior Apparel Printed Tees,C,19,0,0,3,0.0,0
2186,PROD-183717,PROD-128350 SEG-506173 Junior Apparel Printed Tees Varied,Junior Apparel Printed Tees,C,19,0,0,8,0.0,0
2187,PROD-183718,PROD-128353 SEG-506173 Junior Apparel Printed Tees Varied,Junior Apparel Printed Tees,C,19,0,0,7,0.0,0
2188,PROD-183749,PROD-181460 SEG-518481 Junior Apparel Printed Tees Varied,Junior Apparel Printed Tees,C,18,0,0,1,0.0,0
1827,PROD-175399,PROD-112492 SEG-502380 Scholar Footwear Modern Legend Summit,Scholar Footwear Modern Legend,B,40,0,0,0,0.0,0
1831,PROD-175406,PROD-112471 SEG-502376 Scholar Footwear Modern Legend Summit,Scholar Footwear Modern Legend,A,40,0,0,1,0.0,0
1832,PROD-175407,PROD-112469 SEG-502376 Scholar Footwear Modern Legend Summit,Scholar Footwear Modern Legend,B,40,1,0,1,0.0,1
1836,PROD-175414,PROD-112572 SEG-502386 Heritage Footwear Modern Legend Summit,Scholar Footwear Modern Legend,B,40,0,0,2,0.0,0
1837,PROD-175416,PROD-112574 SEG-502386 Heritage Footwear Modern Legend Summit,Scholar Footwear Modern Legend,A,40,0,0,1,0.0,0
1838,PROD-175417,PROD-112573 SEG-502386 Heritage Footwear Modern Legend Summit,Scholar Footwear Modern Legend,A,40,0,0,4,0.0,0
1839,PROD-175418,PROD-112576 SEG-502386 Heritage Footwear Modern Legend Summit,Scholar Footwear Modern Legend,A,40,0,0,4,0.0,0
1392,PROD-169255,PROD-112785 SEG-502409 Heritage Footwear Modern Legend Summit,Scholar Footwear Modern Legend,B,40,0,0,0,0.0,0
1393,PROD-169256,PROD-112787 SEG-502409 Heritage Footwear Modern Legend Summit,Scholar Footwear Modern Legend,A,40,1,0,1,0.0,1
1395,PROD-169258,PROD-112789 SEG-502409 Heritage Footwear Modern Legend Summit,Scholar Footwear Modern Legend,A,40,1,0,1,0.0,1
324,PROD-144340,PROD-152444 SEG-512298 Scholar Footwear Court Casual Zephyr,Scholar Footwear Court Casual,A,34,1,1,7,0.0,2
326,PROD-144469,PROD-152096 SEG-512248 Scholar Footwear Flight Classic Zephyr,Scholar Footwear Flight Classic,B,27,2,2,3,0.0,4
331,PROD-145728,PROD-118336 SEG-503295 Scholar Footwear Modern Legend Summit,Scholar Footwear Modern Legend,B,21,1,1,0,0.0,2
2189,PROD-183750,PROD-181459 SEG-518481 Junior Apparel Printed Tees Varied,Junior Apparel Printed Tees,C,19,0,0,5,0.0,0
2190,PROD-183752,PROD-181461 SEG-518481 Junior Apparel Printed Tees Varied,Junior Apparel Printed Tees,C,19,0,0,5,0.0,0
2191,PROD-183810,PROD-103475 SEG-500475 Femme Footwear Trailblazer Zephyr,Femme Footwear Trailblazer,B,40,0,0,0,0.0,0
1428,PROD-169361,PROD-168321 SEG-515960 Junior Apparel Gift Bundles Varied,Junior Apparel Gift Bundles,C,18,0,0,2,0.0,0
2192,PROD-183811,PROD-103476 SEG-500475 Femme Footwear Trailblazer Zephyr,Femme Footwear Trailblazer,B,40,1,0,0,0.0,1
1397,PROD-169260,PROD-112791 SEG-502409 Heritage Footwear Modern Legend Summit,Scholar Footwear Modern Legend,A,40,1,1,5,0.0,2
1401,PROD-169317,PROD-170325 SEG-516321 Junior Apparel Gift Bundles Varied,Junior Apparel Gift Bundles,C,11,1,1,2,0.0,2
1404,PROD-169320,PROD-170332 SEG-516323 Junior Apparel Gift Bundles Varied,Junior Apparel Gift Bundles,C,14,0,0,0,0.0,0
1407,PROD-169323,PROD-170320 SEG-516320 Junior Apparel Gift Bundles Varied,Junior Apparel Gift Bundles,C,10,1,1,0,0.0,2
1408,PROD-169324,PROD-170321 SEG-516320 Junior Apparel Gift Bundles Varied,Junior Apparel Gift Bundles,C,9,1,1,0,0.0,2
1411,PROD-169344,PROD-170327 SEG-516322 Junior Apparel Gift Bundles Varied,Junior Apparel Gift Bundles,C,12,0,0,0,0.0,0
1412,PROD-169345,PROD-170328 SEG-516322 Junior Apparel Gift Bundles Varied,Junior Apparel Gift Bundles,C,6,0,0,1,0.0,0
207,PROD-138110,PROD-189911 SEG-520647 Femme Footwear Boot Collection Plushfoot,Femme Footwear Boot Collection,B,17,0,0,2,0.0,0
208,PROD-138111,PROD-189912 SEG-520647 Femme Footwear Boot Collection Plushfoot,Femme Footwear Boot Collection,A,18,0,0,3,0.0,0
1813,PROD-175374,PROD-113192 SEG-502444 Heritage Footwear Retro Legend Summit,Scholar Footwear Retro Legend,A,40,0,0,2,0.0,0
1814,PROD-175375,PROD-113190 SEG-502444 Heritage Footwear Retro Legend Summit,Scholar Footwear Retro Legend,B,40,0,0,4,0.0,0
1816,PROD-175377,PROD-113195 SEG-502444 Heritage Footwear Retro Legend Summit,Scholar Footwear Retro Legend,A,40,0,0,4,0.0,0
1822,PROD-175391,PROD-112415 SEG-502372 Scholar Footwear Modern Legend Summit,Scholar Footwear Modern Legend,A,40,0,0,1,0.0,0
1826,PROD-175398,PROD-112493 SEG-502380 Scholar Footwear Modern Legend Summit,Scholar Footwear Modern Legend,A,40,0,0,2,0.0,0
1807,PROD-175338,PROD-113366 SEG-502458 Heritage Footwear Retro Legend Summit,Scholar Footwear Retro Legend,A,40,0,0,0,0.0,0
1808,PROD-175342,PROD-114744 SEG-502578 Heritage Footwear Retro Legend Summit,Scholar Footwear Retro Legend,A,15,0,0,0,0.0,0
197,PROD-131810,PROD-174403 SEG-517038 Junior Apparel Cozy Trousers Family Line,Junior Apparel Cozy Trousers,C,16,0,0,4,0.0,0
201,PROD-133073,PROD-171563 SEG-516536 Junior Apparel Crew Tees Zephyr,Junior Apparel Crew Tees,C,14,0,0,3,0.0,0
2193,PROD-183812,PROD-103477 SEG-500475 Femme Footwear Trailblazer Zephyr,Femme Footwear Trailblazer,B,40,0,0,0,0.0,0
204,PROD-136873,PROD-174415 SEG-517041 Junior Apparel Crop Pants Family Line,Junior Apparel Crop Pants,C,16,0,0,1,0.0,0
1414,PROD-169347,PROD-170330 SEG-516322 Junior Apparel Gift Bundles Varied,Junior Apparel Gift Bundles,C,18,0,0,3,0.0,0
1415,PROD-169348,PROD-168311 SEG-515958 Junior Apparel Gift Bundles Varied,Junior Apparel Gift Bundles,C,11,0,0,1,0.0,0
1417,PROD-169350,PROD-168313 SEG-515958 Junior Apparel Gift Bundles Varied,Junior Apparel Gift Bundles,C,13,0,0,2,0.0,0
1419,PROD-169352,PROD-168323 SEG-515961 Junior Apparel Gift Bundles Varied,Junior Apparel Gift Bundles,C,15,0,0,1,0.0,0
1420,PROD-169353,PROD-168324 SEG-515961 Junior Apparel Gift Bundles Varied,Junior Apparel Gift Bundles,C,12,0,0,1,0.0,0
1421,PROD-169354,PROD-168307 SEG-515957 Junior Apparel Gift Bundles Varied,Junior Apparel Gift Bundles,C,13,0,0,0,0.0,0
1422,PROD-169355,PROD-168308 SEG-515957 Junior Apparel Gift Bundles Varied,Junior Apparel Gift Bundles,C,11,0,0,1,0.0,0
1424,PROD-169357,PROD-168310 SEG-515957 Junior Apparel Gift Bundles Varied,Junior Apparel Gift Bundles,C,17,0,0,3,0.0,0
1426,PROD-169359,PROD-168319 SEG-515960 Junior Apparel Gift Bundles Varied,Junior Apparel Gift Bundles,C,7,0,0,0,0.0,0
1427,PROD-169360,PROD-168320 SEG-515960 Junior Apparel Gift Bundles Varied,Junior Apparel Gift Bundles,C,18,0,0,4,0.0,0
2196,PROD-183815,PROD-103480 SEG-500475 Femme Footwear Trailblazer Zephyr,Femme Footwear Trailblazer,A,40,0,0,0,0.0,0
1460,PROD-169479,PROD-153444 SEG-512519 Femme Footwear Court Casual Zephyr,Femme Footwear Court Casual,B,40,0,0,1,0.0,0
1461,PROD-169480,PROD-153445 SEG-512519 Femme Footwear Court Casual Zephyr,Femme Footwear Court Casual,B,40,0,0,3,0.0,0
1462,PROD-169481,PROD-153446 SEG-512519 Femme Footwear Court Casual Zephyr,Femme Footwear Court Casual,A,40,0,0,5,0.0,0
1429,PROD-169437,PROD-152940 SEG-512414 Femme Footwear Flight Classic Varied,Femme Footwear Flight Classic,B,40,0,0,2,0.0,0
1430,PROD-169438,PROD-152941 SEG-512414 Femme Footwear Flight Classic Varied,Femme Footwear Flight Classic,B,40,0,0,2,0.0,0
1431,PROD-169439,PROD-152942 SEG-512414 Femme Footwear Flight Classic Varied,Femme Footwear Flight Classic,B,40,1,0,1,0.0,1
1432,PROD-169440,PROD-152943 SEG-512414 Femme Footwear Flight Classic Varied,Femme Footwear Flight Classic,A,40,0,0,3,0.0,0
1433,PROD-169441,PROD-152944 SEG-512414 Femme Footwear Flight Classic Varied,Femme Footwear Flight Classic,B,40,1,0,1,0.0,1
1434,PROD-169442,PROD-152945 SEG-512414 Femme Footwear Flight Classic Varied,Femme Footwear Flight Classic,A,40,0,0,0,0.0,0
1435,PROD-169443,PROD-152946 SEG-512414 Femme Footwear Flight Classic Varied,Femme Footwear Flight Classic,B,40,0,0,0,0.0,0
1436,PROD-169444,PROD-152947 SEG-512414 Femme Footwear Flight Classic Varied,Femme Footwear Flight Classic,B,40,0,0,0,0.0,0
1437,PROD-169445,PROD-152939 SEG-512414 Femme Footwear Flight Classic Varied,Femme Footwear Flight Classic,B,40,1,0,0,0.0,1
2197,PROD-183816,PROD-103481 SEG-500475 Femme Footwear Trailblazer Zephyr,Femme Footwear Trailblazer,B,40,3,0,0,0.0,3
671,PROD-158668,PROD-174345 SEG-517028 Femme Footwear Trailblazer Zephyr,Femme Footwear Trailblazer,B,40,0,0,4,0.0,0
672,PROD-158670,PROD-188083 SEG-520269 Femme Footwear Trailblazer Zephyr,Femme Footwear Trailblazer,C,8,0,0,1,0.0,0
1796,PROD-175324,PROD-114560 SEG-502556 Heritage Footwear Retro Legend Summit,Scholar Footwear Retro Legend,B,11,0,0,1,0.0,0
1797,PROD-175325,PROD-114558 SEG-502556 Heritage Footwear Retro Legend Summit,Scholar Footwear Retro Legend,B,12,0,0,0,0.0,0
1798,PROD-175326,PROD-114563 SEG-502556 Heritage Footwear Retro Legend Summit,Scholar Footwear Retro Legend,A,11,0,0,3,0.0,0
1799,PROD-175327,PROD-114561 SEG-502556 Heritage Footwear Retro Legend Summit,Scholar Footwear Retro Legend,B,12,0,0,0,0.0,0
1800,PROD-175328,PROD-114566 SEG-502556 Heritage Footwear Retro Legend Summit,Scholar Footwear Retro Legend,A,11,0,0,0,0.0,0
1801,PROD-175329,PROD-114564 SEG-502556 Heritage Footwear Retro Legend Summit,Scholar Footwear Retro Legend,A,11,0,0,2,0.0,0
1802,PROD-175331,PROD-113345 SEG-502458 Heritage Footwear Retro Legend Summit,Scholar Footwear Retro Legend,A,40,1,0,1,0.0,1
1803,PROD-175332,PROD-113352 SEG-502458 Heritage Footwear Retro Legend Summit,Scholar Footwear Retro Legend,A,40,2,0,0,0.0,2
1805,PROD-175334,PROD-113357 SEG-502458 Heritage Footwear Retro Legend Summit,Scholar Footwear Retro Legend,A,40,2,0,0,0.0,2
1446,PROD-169460,PROD-174063 SEG-516988 Femme Footwear Court Casual Zephyr,Femme Footwear Court Casual,B,27,0,0,4,0.0,0
1447,PROD-169461,PROD-174064 SEG-516988 Femme Footwear Court Casual Zephyr,Femme Footwear Court Casual,B,27,0,0,3,0.0,0
1448,PROD-169462,PROD-174065 SEG-516988 Femme Footwear Court Casual Zephyr,Femme Footwear Court Casual,B,27,0,0,2,0.0,0
1449,PROD-169463,PROD-174066 SEG-516988 Femme Footwear Court Casual Zephyr,Femme Footwear Court Casual,B,27,0,0,4,0.0,0
1450,PROD-169465,PROD-174057 SEG-516988 Femme Footwear Court Casual Zephyr,Femme Footwear Court Casual,B,27,0,0,5,0.0,0
673,PROD-158671,PROD-188084 SEG-520269 Femme Footwear Trailblazer Zephyr,Femme Footwear Trailblazer,B,7,0,0,3,0.0,0
675,PROD-158673,PROD-188086 SEG-520269 Femme Footwear Trailblazer Zephyr,Femme Footwear Trailblazer,A,26,0,0,6,0.0,0
1467,PROD-169486,PROD-153451 SEG-512519 Femme Footwear Court Casual Zephyr,Femme Footwear Court Casual,A,40,0,0,5,0.0,0
1468,PROD-169487,PROD-153441 SEG-512519 Femme Footwear Court Casual Zephyr,Femme Footwear Court Casual,A,40,0,0,1,0.0,0
678,PROD-158676,PROD-188089 SEG-520269 Femme Footwear Trailblazer Zephyr,Femme Footwear Trailblazer,B,24,1,1,1,0.0,2
1470,PROD-169498,PROD-115603 SEG-502679 Femme Footwear Trailblazer Zephyr,Femme Footwear Trailblazer,B,10,0,0,1,0.0,0
1471,PROD-169625,PROD-173780 SEG-516950 Femme Footwear Trailblazer Zephyr,Femme Footwear Trailblazer,B,17,0,0,2,0.0,0
1472,PROD-169626,PROD-173781 SEG-516950 Femme Footwear Trailblazer Zephyr,Femme Footwear Trailblazer,B,17,0,0,2,0.0,0
1473,PROD-169627,PROD-173782 SEG-516950 Femme Footwear Trailblazer Zephyr,Femme Footwear Trailblazer,B,16,0,0,0,0.0,0
1474,PROD-169628,PROD-173783 SEG-516950 Femme Footwear Trailblazer Zephyr,Femme Footwear Trailblazer,B,17,0,0,1,0.0,0
1475,PROD-169629,PROD-173784 SEG-516950 Femme Footwear Trailblazer Zephyr,Femme Footwear Trailblazer,B,17,0,0,2,0.0,0
1476,PROD-169631,PROD-173775 SEG-516950 Femme Footwear Trailblazer Zephyr,Femme Footwear Trailblazer,B,18,0,0,7,0.0,0
1477,PROD-169878,PROD-115571 SEG-502676 Femme Footwear Trailblazer Zephyr,Femme Footwear Trailblazer,B,40,0,0,3,0.0,0
1478,PROD-169879,PROD-115572 SEG-502676 Femme Footwear Trailblazer Zephyr,Femme Footwear Trailblazer,B,40,0,0,2,0.0,0
1780,PROD-175051,PROD-166381 SEG-515621 Scholar Footwear Trailblazer Zephyr,Scholar Footwear Trailblazer,B,40,0,0,2,0.0,0
680,PROD-158679,PROD-188031 SEG-520264 Femme Footwear Trailblazer Zephyr,Femme Footwear Trailblazer,B,3,0,0,1,0.0,0
1789,PROD-175316,PROD-114254 SEG-502531 Scholar Footwear Retro Legend Summit,Scholar Footwear Retro Legend,A,40,0,0,4,0.0,0
1795,PROD-175322,PROD-114259 SEG-502531 Scholar Footwear Retro Legend Summit,Scholar Footwear Retro Legend,A,40,5,1,1,0.0,6
1480,PROD-169881,PROD-115574 SEG-502676 Femme Footwear Trailblazer Zephyr,Femme Footwear Trailblazer,A,40,1,0,2,0.0,1
1481,PROD-169882,PROD-115575 SEG-502676 Femme Footwear Trailblazer Zephyr,Femme Footwear Trailblazer,A,40,0,0,5,0.0,0
1482,PROD-169883,PROD-115576 SEG-502676 Femme Footwear Trailblazer Zephyr,Femme Footwear Trailblazer,A,40,0,0,8,0.0,0
1483,PROD-169884,PROD-115577 SEG-502676 Femme Footwear Trailblazer Zephyr,Femme Footwear Trailblazer,A,40,0,0,7,0.0,0
1484,PROD-169885,PROD-115578 SEG-502676 Femme Footwear Trailblazer Zephyr,Femme Footwear Trailblazer,A,40,0,0,4,0.0,0
1487,PROD-170005,PROD-165938 SEG-515549 Scholar Footwear Flight Classic Zephyr,Scholar Footwear Flight Classic,B,40,0,0,2,0.0,0
1489,PROD-170008,PROD-165939 SEG-515549 Scholar Footwear Flight Classic Zephyr,Scholar Footwear Flight Classic,A,40,0,0,8,0.0,0
1490,PROD-170009,PROD-165942 SEG-515549 Scholar Footwear Flight Classic Zephyr,Scholar Footwear Flight Classic,A,40,0,0,15,0.0,0
1494,PROD-170019,PROD-152545 SEG-512315 Scholar Footwear Court Casual Zephyr,Scholar Footwear Court Casual,A,20,0,0,7,0.0,0
1495,PROD-170022,PROD-152584 SEG-512318 Scholar Footwear Court Casual Zephyr,Scholar Footwear Court Casual,B,40,0,0,3,0.0,0
1496,PROD-170023,PROD-152583 SEG-512318 Scholar Footwear Court Casual Zephyr,Scholar Footwear Court Casual,A,40,0,0,1,0.0,0
1497,PROD-170024,PROD-152586 SEG-512318 Scholar Footwear Court Casual Zephyr,Scholar Footwear Court Casual,A,40,0,0,6,0.0,0
1463,PROD-169482,PROD-153447 SEG-512519 Femme Footwear Court Casual Zephyr,Femme Footwear Court Casual,A,40,0,0,2,0.0,0
1464,PROD-169483,PROD-153448 SEG-512519 Femme Footwear Court Casual Zephyr,Femme Footwear Court Casual,A,40,0,0,8,0.0,0
1465,PROD-169484,PROD-153449 SEG-512519 Femme Footwear Court Casual Zephyr,Femme Footwear Court Casual,A,40,0,0,7,0.0,0
1466,PROD-169485,PROD-153450 SEG-512519 Femme Footwear Court Casual Zephyr,Femme Footwear Court Casual,A,40,0,0,4,0.0,0
1521,PROD-170100,PROD-152852 SEG-512398 Scholar Footwear Trailblazer Zephyr,Scholar Footwear Trailblazer,B,40,1,0,1,0.0,1
681,PROD-158680,PROD-188032 SEG-520264 Femme Footwear Trailblazer Zephyr,Femme Footwear Trailblazer,B,5,0,0,1,0.0,0
1764,PROD-173674,PROD-121229 SEG-504209 Junior Apparel Cozy Trousers Varied,Junior Apparel Cozy Trousers,C,17,0,0,2,0.0,0
647,PROD-157712,PROD-121887 SEG-504415 Junior Apparel Printed Tees Varied,Junior Apparel Printed Tees,C,18,0,0,9,0.0,0
649,PROD-157724,PROD-134222 SEG-507578 Junior Apparel Printed Tees Varied,Junior Apparel Printed Tees,C,18,0,0,8,0.0,0
650,PROD-157725,PROD-134221 SEG-507578 Junior Apparel Printed Tees Varied,Junior Apparel Printed Tees,C,19,0,0,3,0.0,0
651,PROD-157726,PROD-134224 SEG-507578 Junior Apparel Printed Tees Varied,Junior Apparel Printed Tees,C,19,0,0,5,0.0,0
652,PROD-157729,PROD-184505 SEG-519241 Junior Apparel Printed Tees Varied,Junior Apparel Printed Tees,C,15,1,1,3,0.0,2
657,PROD-158524,PROD-174035 SEG-516985 Femme Footwear Court Casual Zephyr,Femme Footwear Court Casual,B,40,4,0,2,0.0,4
1499,PROD-170026,PROD-152588 SEG-512318 Scholar Footwear Court Casual Zephyr,Scholar Footwear Court Casual,A,40,0,0,6,0.0,0
1500,PROD-170027,PROD-152587 SEG-512318 Scholar Footwear Court Casual Zephyr,Scholar Footwear Court Casual,A,40,0,0,9,0.0,0
1502,PROD-170030,PROD-173616 SEG-516932 Newborn Footwear Court Casual Zephyr,Scholar Footwear Court Casual,B,40,0,0,5,0.0,0
1505,PROD-170033,PROD-173623 SEG-516932 Newborn Footwear Court Casual Zephyr,Scholar Footwear Court Casual,A,40,0,0,8,0.0,0
1506,PROD-170034,PROD-173621 SEG-516932 Newborn Footwear Court Casual Zephyr,Scholar Footwear Court Casual,A,40,0,0,13,0.0,0
685,PROD-158684,PROD-188036 SEG-520264 Femme Footwear Trailblazer Zephyr,Femme Footwear Trailblazer,A,22,0,0,2,0.0,0
1479,PROD-169880,PROD-115573 SEG-502676 Femme Footwear Trailblazer Zephyr,Femme Footwear Trailblazer,A,40,0,0,8,0.0,0
687,PROD-158686,PROD-188038 SEG-520264 Femme Footwear Trailblazer Zephyr,Femme Footwear Trailblazer,B,8,0,0,1,0.0,0
221,PROD-138129,PROD-189496 SEG-520545 Femme Footwear Boot Collection Plushfoot,Femme Footwear Boot Collection,B,17,0,0,4,0.0,0
1524,PROD-170104,PROD-152856 SEG-512398 Scholar Footwear Trailblazer Zephyr,Scholar Footwear Trailblazer,A,40,1,1,8,0.0,2
1525,PROD-170105,PROD-152855 SEG-512398 Scholar Footwear Trailblazer Zephyr,Scholar Footwear Trailblazer,A,40,0,0,10,0.0,0
1528,PROD-170313,PROD-162874 SEG-514989 Scholar Footwear Retro Legend Summit,Scholar Footwear Retro Legend,B,14,1,1,3,0.0,2
1531,PROD-170316,PROD-162882 SEG-514989 Scholar Footwear Retro Legend Summit,Scholar Footwear Retro Legend,A,18,1,2,2,0.0,3
1534,PROD-170319,PROD-113871 SEG-502503 Scholar Footwear Retro Legend Summit,Scholar Footwear Retro Legend,A,40,1,0,3,0.0,1
688,PROD-158687,PROD-188030 SEG-520264 Femme Footwear Trailblazer Zephyr,Femme Footwear Trailblazer,B,7,0,0,0,0.0,0
286,PROD-140880,PROD-100415 SEG-500063 Scholar Footwear Boot Collection Woodland,Scholar Footwear Boot Collection,A,40,0,0,5,0.0,0
303,PROD-143184,PROD-102483 SEG-500343 Scholar Footwear Trailblazer Equilibrium,Scholar Footwear Trailblazer,A,40,0,0,11,0.0,0
1509,PROD-170037,PROD-173628 SEG-516932 Newborn Footwear Court Casual Zephyr,Scholar Footwear Court Casual,A,40,1,0,15,0.0,1
1510,PROD-170043,PROD-173718 SEG-516943 Scholar Footwear Hardcourt Zephyr,Scholar Footwear Hardcourt,A,19,0,0,3,0.0,0
1511,PROD-170044,PROD-173717 SEG-516943 Scholar Footwear Hardcourt Zephyr,Scholar Footwear Hardcourt,A,19,0,0,3,0.0,0
692,PROD-158897,PROD-168082 SEG-515905 Junior Apparel Crew Tees Varied,Junior Apparel Crew Tees,C,16,0,0,4,0.0,0
696,PROD-158920,PROD-168004 SEG-515886 Junior Apparel Cozy Trousers Varied,Junior Apparel Cozy Trousers,C,19,0,0,2,0.0,0
697,PROD-158921,PROD-168005 SEG-515886 Junior Apparel Cozy Trousers Varied,Junior Apparel Cozy Trousers,C,19,0,0,2,0.0,0
664,PROD-158658,PROD-174355 SEG-517028 Femme Footwear Trailblazer Zephyr,Femme Footwear Trailblazer,B,39,0,0,0,0.0,0
246,PROD-139506,PROD-118198 SEG-503268 Scholar Footwear Retro Legend Summit,Scholar Footwear Retro Legend,B,19,1,1,1,0.0,2
1542,PROD-170327,PROD-114244 SEG-502530 Scholar Footwear Retro Legend Summit,Scholar Footwear Retro Legend,A,34,0,0,1,0.0,0
1548,PROD-170333,PROD-114249 SEG-502530 Scholar Footwear Retro Legend Summit,Scholar Footwear Retro Legend,A,35,0,0,5,0.0,0
1550,PROD-170368,PROD-111906 SEG-502319 Scholar Footwear Retro Legend Summit,Scholar Footwear Retro Legend,B,18,0,0,2,0.0,0
1552,PROD-170370,PROD-111908 SEG-502319 Scholar Footwear Retro Legend Summit,Scholar Footwear Retro Legend,B,20,1,0,3,0.0,1
1553,PROD-170371,PROD-111907 SEG-502319 Scholar Footwear Retro Legend Summit,Scholar Footwear Retro Legend,A,18,0,0,5,0.0,0
1554,PROD-170372,PROD-111910 SEG-502319 Scholar Footwear Retro Legend Summit,Scholar Footwear Retro Legend,A,19,0,0,2,0.0,0
1749,PROD-173378,PROD-108112 SEG-501609 Junior Apparel Denim Classics Varied,Junior Apparel Denim Classics,C,12,0,0,2,0.0,0
1750,PROD-173379,PROD-108108 SEG-501609 Junior Apparel Denim Classics Varied,Junior Apparel Denim Classics,C,12,0,0,2,0.0,0
1759,PROD-173655,PROD-133306 SEG-507371 Junior Apparel Cozy Pullovers Varied,Junior Apparel Cozy Pullovers,C,18,0,0,0,0.0,0
1760,PROD-173660,PROD-133271 SEG-507362 Junior Apparel Trousers Varied,Junior Apparel Trousers,C,18,0,0,1,0.0,0
1761,PROD-173669,PROD-121203 SEG-504203 Junior Apparel Cozy Pullovers Varied,Junior Apparel Cozy Pullovers,C,18,0,0,2,0.0,0
1762,PROD-173670,PROD-121202 SEG-504203 Junior Apparel Cozy Pullovers Varied,Junior Apparel Cozy Pullovers,C,18,0,0,4,0.0,0
1763,PROD-173671,PROD-121205 SEG-504203 Junior Apparel Cozy Pullovers Varied,Junior Apparel Cozy Pullovers,C,18,0,0,0,0.0,0
212,PROD-138115,PROD-189910 SEG-520647 Femme Footwear Boot Collection Plushfoot,Femme Footwear Boot Collection,C,17,0,0,0,0.0,0
544,PROD-153842,PROD-134085 SEG-507546 Junior Apparel Trousers Varied,Junior Apparel Trousers,C,11,1,0,0,0.0,1
545,PROD-153847,PROD-134090 SEG-507547 Junior Apparel Crew Tees Varied,Junior Apparel Crew Tees,C,14,0,0,3,0.0,0
553,PROD-154124,PROD-179749 SEG-518093 Femme Footwear Court Casual Trident,Femme Footwear Court Casual,C,23,0,0,0,0.0,0
554,PROD-154125,PROD-179740 SEG-518093 Femme Footwear Court Casual Trident,Femme Footwear Court Casual,C,21,0,0,0,0.0,0
2261,PROD-190416,PROD-137181 SEG-508412 Junior Apparel Crew Tees Varied,Junior Apparel Crew Tees,C,18,0,0,0,0.0,0
2263,PROD-190419,PROD-137163 SEG-508407 Junior Apparel Crew Tees Varied,Junior Apparel Crew Tees,C,18,0,0,2,0.0,0
2264,PROD-190420,PROD-137162 SEG-508407 Junior Apparel Crew Tees Varied,Junior Apparel Crew Tees,C,18,0,0,0,0.0,0
2265,PROD-190422,PROD-137220 SEG-508423 Junior Apparel Cozy Trousers Varied,Junior Apparel Cozy Trousers,C,18,0,0,1,0.0,0
2266,PROD-190423,PROD-137219 SEG-508423 Junior Apparel Cozy Trousers Varied,Junior Apparel Cozy Trousers,C,18,1,1,4,0.0,2
2267,PROD-190424,PROD-137218 SEG-508423 Junior Apparel Cozy Trousers Varied,Junior Apparel Cozy Trousers,C,18,0,0,2,0.0,0
2268,PROD-190425,PROD-137221 SEG-508423 Junior Apparel Cozy Trousers Varied,Junior Apparel Cozy Trousers,C,18,0,0,0,0.0,0
2269,PROD-190426,PROD-137224 SEG-508424 Junior Apparel Cozy Pullovers Varied,Junior Apparel Cozy Pullovers,C,18,0,0,3,0.0,0
2270,PROD-190427,PROD-137223 SEG-508424 Junior Apparel Cozy Pullovers Varied,Junior Apparel Cozy Pullovers,C,18,0,0,2,0.0,0
2271,PROD-190428,PROD-137222 SEG-508424 Junior Apparel Cozy Pullovers Varied,Junior Apparel Cozy Pullovers,C,18,0,0,1,0.0,0
1747,PROD-173374,PROD-104448 SEG-500641 Junior Apparel Denim Classics Varied,Junior Apparel Denim Classics,C,11,0,0,0,0.0,0
665,PROD-158659,PROD-174354 SEG-517028 Femme Footwear Trailblazer Zephyr,Femme Footwear Trailblazer,B,35,0,0,2,0.0,0
1567,PROD-170516,PROD-179880 SEG-518117 Scholar Footwear Trailblazer Swift Run,Scholar Footwear Trailblazer,A,40,1,1,7,0.0,2
1572,PROD-170522,PROD-179945 SEG-518121 Scholar Footwear Trailblazer Swift Run,Scholar Footwear Trailblazer,A,40,0,0,4,0.0,0
1573,PROD-170523,PROD-179946 SEG-518121 Scholar Footwear Trailblazer Swift Run,Scholar Footwear Trailblazer,B,40,0,0,2,0.0,0
1574,PROD-170524,PROD-179947 SEG-518121 Scholar Footwear Trailblazer Swift Run,Scholar Footwear Trailblazer,A,40,1,1,1,0.0,2
1575,PROD-170525,PROD-179948 SEG-518121 Scholar Footwear Trailblazer Swift Run,Scholar Footwear Trailblazer,A,40,0,0,8,0.0,0
667,PROD-158661,PROD-174352 SEG-517028 Femme Footwear Trailblazer Zephyr,Femme Footwear Trailblazer,A,40,1,1,6,0.0,2
669,PROD-158663,PROD-174350 SEG-517028 Femme Footwear Trailblazer Zephyr,Femme Footwear Trailblazer,B,40,0,0,2,0.0,0
670,PROD-158664,PROD-174349 SEG-517028 Femme Footwear Trailblazer Zephyr,Femme Footwear Trailblazer,C,39,0,0,1,0.0,0
2200,PROD-183819,PROD-146382 SEG-510768 Junior Apparel Printed Tees Varied,Junior Apparel Printed Tees,C,17,0,0,1,0.0,0
2201,PROD-183820,PROD-146381 SEG-510768 Junior Apparel Printed Tees Varied,Junior Apparel Printed Tees,C,19,0,0,3,0.0,0
1739,PROD-173362,PROD-104435 SEG-500640 Junior Apparel Denim Classics Varied,Junior Apparel Denim Classics,C,9,0,0,1,0.0,0
1741,PROD-173364,PROD-104437 SEG-500640 Junior Apparel Denim Classics Varied,Junior Apparel Denim Classics,C,10,0,0,3,0.0,0
1743,PROD-173366,PROD-104439 SEG-500640 Junior Apparel Denim Classics Varied,Junior Apparel Denim Classics,C,6,0,0,0,0.0,0
1746,PROD-173369,PROD-108138 SEG-501617 Junior Apparel Denim Classics Varied,Junior Apparel Denim Classics,C,7,0,0,0,0.0,0
541,PROD-153838,PROD-134083 SEG-507545 Junior Apparel Light Shells Varied,Junior Apparel Light Shells,C,14,1,1,1,0.0,2
542,PROD-153840,PROD-134087 SEG-507546 Junior Apparel Trousers Varied,Junior Apparel Trousers,C,15,0,0,1,0.0,0
1589,PROD-170559,PROD-116123 SEG-502744 Scholar Footwear Trainer Zephyr,Scholar Footwear Trainer,A,40,0,0,11,0.0,0
2202,PROD-183821,PROD-146380 SEG-510768 Junior Apparel Printed Tees Varied,Junior Apparel Printed Tees,C,19,0,0,5,0.0,0
2204,PROD-184461,PROD-179896 SEG-518118 Scholar Footwear Trailblazer Swift Run,Scholar Footwear Trailblazer,B,40,0,0,7,0.0,0
1592,PROD-170823,PROD-168314 SEG-515959 Junior Apparel Crew Tees Varied,Junior Apparel Crew Tees,C,19,0,0,0,0.0,0
1593,PROD-170824,PROD-168315 SEG-515959 Junior Apparel Crew Tees Varied,Junior Apparel Crew Tees,C,19,0,0,3,0.0,0
1595,PROD-170826,PROD-168317 SEG-515959 Junior Apparel Crew Tees Varied,Junior Apparel Crew Tees,C,19,1,1,6,0.0,2
1596,PROD-170837,PROD-176781 SEG-517478 Junior Apparel Gift Bundles Varied,Junior Apparel Gift Bundles,C,16,0,0,4,0.0,0
1597,PROD-170838,PROD-176782 SEG-517478 Junior Apparel Gift Bundles Varied,Junior Apparel Gift Bundles,C,15,0,0,3,0.0,0
1598,PROD-170839,PROD-176783 SEG-517478 Junior Apparel Gift Bundles Varied,Junior Apparel Gift Bundles,C,16,0,0,7,0.0,0
1599,PROD-170840,PROD-168213 SEG-515936 Junior Apparel Crew Tees Varied,Junior Apparel Crew Tees,C,19,0,0,2,0.0,0
1600,PROD-170841,PROD-168214 SEG-515936 Junior Apparel Crew Tees Varied,Junior Apparel Crew Tees,C,19,0,0,1,0.0,0
1556,PROD-170374,PROD-111911 SEG-502319 Scholar Footwear Retro Legend Summit,Scholar Footwear Retro Legend,A,18,1,0,1,0.0,1
1557,PROD-170506,PROD-179929 SEG-518120 Scholar Footwear Trailblazer Swift Run,Scholar Footwear Trailblazer,A,40,1,0,6,0.0,1
1558,PROD-170507,PROD-179930 SEG-518120 Scholar Footwear Trailblazer Swift Run,Scholar Footwear Trailblazer,A,40,0,0,1,0.0,0
1559,PROD-170508,PROD-179931 SEG-518120 Scholar Footwear Trailblazer Swift Run,Scholar Footwear Trailblazer,A,40,0,0,3,0.0,0
1566,PROD-170515,PROD-179879 SEG-518117 Scholar Footwear Trailblazer Swift Run,Scholar Footwear Trailblazer,A,40,1,1,2,0.0,2
1730,PROD-172108,PROD-101761 SEG-500231 Toddler Footwear Sandals Varied,Scholar Footwear Sandals,A,40,0,0,19,0.0,0
1731,PROD-172109,PROD-101762 SEG-500231 Toddler Footwear Sandals Varied,Scholar Footwear Sandals,A,40,0,0,35,0.0,0
2207,PROD-184464,PROD-179899 SEG-518118 Scholar Footwear Trailblazer Swift Run,Scholar Footwear Trailblazer,A,40,0,0,14,0.0,0
41,PROD-100806,PROD-100947 SEG-500123 Scholar Footwear Flight Classic Zephyr,Scholar Footwear Flight Classic,A,40,0,0,13,0.0,0
42,PROD-100807,PROD-100951 SEG-500123 Scholar Footwear Flight Classic Zephyr,Scholar Footwear Flight Classic,A,40,0,0,31,0.0,0
1601,PROD-170842,PROD-168215 SEG-515936 Junior Apparel Crew Tees Varied,Junior Apparel Crew Tees,C,19,0,0,2,0.0,0
1604,PROD-170845,PROD-186941 SEG-519912 Junior Apparel Gift Bundles Varied,Junior Apparel Gift Bundles,C,15,0,0,2,0.0,0
1605,PROD-170846,PROD-186942 SEG-519912 Junior Apparel Gift Bundles Varied,Junior Apparel Gift Bundles,C,14,0,0,2,0.0,0
1606,PROD-170847,PROD-168299 SEG-515955 Junior Apparel Cozy Pullovers Varied,Junior Apparel Cozy Pullovers,C,17,0,0,2,0.0,0
1607,PROD-170848,PROD-168300 SEG-515955 Junior Apparel Cozy Pullovers Varied,Junior Apparel Cozy Pullovers,C,17,0,0,2,0.0,0
1610,PROD-170852,PROD-168304 SEG-515956 Junior Apparel Cozy Trousers Varied,Junior Apparel Cozy Trousers,C,16,0,0,1,0.0,0
1613,PROD-170855,PROD-170300 SEG-516315 Junior Apparel Crew Tees Varied,Junior Apparel Crew Tees,C,12,0,0,3,0.0,0
1614,PROD-170857,PROD-170302 SEG-516315 Junior Apparel Crew Tees Varied,Junior Apparel Crew Tees,C,13,0,0,4,0.0,0
1615,PROD-170859,PROD-170312 SEG-516318 Junior Apparel Trousers Varied,Junior Apparel Trousers,C,13,0,0,2,0.0,0
1616,PROD-170860,PROD-170313 SEG-516318 Junior Apparel Trousers Varied,Junior Apparel Trousers,C,12,0,0,3,0.0,0
1585,PROD-170553,PROD-116118 SEG-502744 Scholar Footwear Trainer Zephyr,Scholar Footwear Trainer,B,40,0,0,1,0.0,0
1721,PROD-171876,PROD-121097 SEG-504174 Junior Apparel Crop Pants Varied,Junior Apparel Crop Pants,C,9,0,0,2,0.0,0
1722,PROD-171877,PROD-121096 SEG-504174 Junior Apparel Crop Pants Varied,Junior Apparel Crop Pants,C,10,0,0,2,0.0,0
1723,PROD-171880,PROD-121093 SEG-504173 Junior Apparel Crop Pants Varied,Junior Apparel Crop Pants,C,19,0,0,4,0.0,0
1724,PROD-171881,PROD-121092 SEG-504173 Junior Apparel Crop Pants Varied,Junior Apparel Crop Pants,C,19,0,0,3,0.0,0
1726,PROD-171957,PROD-121125 SEG-504182 Junior Apparel Crop Pants Varied,Junior Apparel Crop Pants,C,14,0,0,1,0.0,0
1727,PROD-171958,PROD-121124 SEG-504182 Junior Apparel Crop Pants Varied,Junior Apparel Crop Pants,C,12,0,0,2,0.0,0
1728,PROD-172022,PROD-125932 SEG-505495 Toddler Footwear Sandals Varied,Scholar Footwear Sandals,A,40,1,1,10,0.0,2
1729,PROD-172023,PROD-125933 SEG-505495 Toddler Footwear Sandals Varied,Scholar Footwear Sandals,B,40,0,0,7,0.0,0
1617,PROD-170861,PROD-170314 SEG-516318 Junior Apparel Trousers Varied,Junior Apparel Trousers,C,12,0,0,6,0.0,0
1618,PROD-170862,PROD-170315 SEG-516318 Junior Apparel Trousers Varied,Junior Apparel Trousers,C,12,0,0,7,0.0,0
1623,PROD-170867,PROD-170304 SEG-516316 Junior Apparel Trousers Varied,Junior Apparel Trousers,C,19,0,0,2,0.0,0
1624,PROD-170868,PROD-170305 SEG-516316 Junior Apparel Trousers Varied,Junior Apparel Trousers,C,19,0,0,3,0.0,0
43,PROD-100808,PROD-100949 SEG-500123 Scholar Footwear Flight Classic Zephyr,Scholar Footwear Flight Classic,A,40,0,0,28,0.0,0
1626,PROD-170870,PROD-170307 SEG-516316 Junior Apparel Trousers Varied,Junior Apparel Trousers,C,20,1,1,3,0.0,2
1631,PROD-170875,PROD-170296 SEG-516314 Junior Apparel Crew Tees Varied,Junior Apparel Crew Tees,C,19,0,0,0,0.0,0
1632,PROD-170876,PROD-170297 SEG-516314 Junior Apparel Crew Tees Varied,Junior Apparel Crew Tees,C,19,0,0,2,0.0,0
1636,PROD-170888,PROD-122034 SEG-504464 Junior Apparel Cozy Trousers Varied,Junior Apparel Cozy Trousers,C,19,0,0,6,0.0,0
1637,PROD-170889,PROD-122033 SEG-504464 Junior Apparel Cozy Trousers Varied,Junior Apparel Cozy Trousers,C,19,0,0,4,0.0,0
1638,PROD-170890,PROD-122036 SEG-504464 Junior Apparel Cozy Trousers Varied,Junior Apparel Cozy Trousers,C,19,0,0,0,0.0,0
1639,PROD-170891,PROD-168161 SEG-515925 Junior Apparel Crew Tees Varied,Junior Apparel Crew Tees,C,19,1,0,1,0.0,1
1642,PROD-170894,PROD-168162 SEG-515925 Junior Apparel Crew Tees Varied,Junior Apparel Crew Tees,C,19,1,0,0,0.0,1
44,PROD-100809,PROD-100954 SEG-500123 Scholar Footwear Flight Classic Zephyr,Scholar Footwear Flight Classic,A,40,0,0,28,0.0,0
1645,PROD-170897,PROD-168155 SEG-515924 Junior Apparel Crew Tees Varied,Junior Apparel Crew Tees,C,12,0,0,2,0.0,0
1646,PROD-170898,PROD-168158 SEG-515924 Junior Apparel Crew Tees Varied,Junior Apparel Crew Tees,C,12,0,0,1,0.0,0
1647,PROD-170899,PROD-122023 SEG-504461 Junior Apparel Cozy Pullovers Varied,Junior Apparel Cozy Pullovers,C,18,0,0,0,0.0,0
1648,PROD-170900,PROD-122022 SEG-504461 Junior Apparel Cozy Pullovers Varied,Junior Apparel Cozy Pullovers,C,18,0,0,0,0.0,0
1715,PROD-171846,PROD-121117 SEG-504180 Junior Apparel Cozy Pullovers Varied,Junior Apparel Cozy Pullovers,C,17,0,0,3,0.0,0
1716,PROD-171847,PROD-121116 SEG-504180 Junior Apparel Cozy Pullovers Varied,Junior Apparel Cozy Pullovers,C,16,0,0,6,0.0,0
1717,PROD-171868,PROD-121121 SEG-504181 Junior Apparel Crop Pants Varied,Junior Apparel Crop Pants,C,15,0,0,3,0.0,0
1718,PROD-171869,PROD-121120 SEG-504181 Junior Apparel Crop Pants Varied,Junior Apparel Crop Pants,C,15,0,0,0,0.0,0
1719,PROD-171872,PROD-121133 SEG-504184 Junior Apparel Crop Pants Varied,Junior Apparel Crop Pants,C,11,0,0,1,0.0,0
45,PROD-100810,PROD-100952 SEG-500123 Scholar Footwear Flight Classic Zephyr,Scholar Footwear Flight Classic,A,40,0,0,30,0.0,0
1680,PROD-171001,PROD-186937 SEG-519911 Junior Apparel Gift Bundles Varied,Junior Apparel Gift Bundles,C,14,0,0,2,0.0,0
1649,PROD-170901,PROD-122021 SEG-504461 Junior Apparel Cozy Pullovers Varied,Junior Apparel Cozy Pullovers,C,18,0,0,0,0.0,0
1650,PROD-170902,PROD-122024 SEG-504461 Junior Apparel Cozy Pullovers Varied,Junior Apparel Cozy Pullovers,C,18,0,0,0,0.0,0
1651,PROD-170958,PROD-122043 SEG-504466 Junior Apparel Cozy Trousers Varied,Junior Apparel Cozy Trousers,C,19,0,0,1,0.0,0
1652,PROD-170959,PROD-122042 SEG-504466 Junior Apparel Cozy Trousers Varied,Junior Apparel Cozy Trousers,C,19,0,0,2,0.0,0
1653,PROD-170960,PROD-122041 SEG-504466 Junior Apparel Cozy Trousers Varied,Junior Apparel Cozy Trousers,C,19,0,0,1,0.0,0
1654,PROD-170961,PROD-122044 SEG-504466 Junior Apparel Cozy Trousers Varied,Junior Apparel Cozy Trousers,C,19,0,0,0,0.0,0
1655,PROD-170966,PROD-168145 SEG-515921 Junior Apparel Crew Tees Varied,Junior Apparel Crew Tees,C,19,0,0,2,0.0,0
1656,PROD-170967,PROD-168144 SEG-515921 Junior Apparel Crew Tees Varied,Junior Apparel Crew Tees,C,19,0,0,5,0.0,0
1658,PROD-170969,PROD-168146 SEG-515921 Junior Apparel Crew Tees Varied,Junior Apparel Crew Tees,C,19,0,0,0,0.0,0
46,PROD-100811,PROD-100957 SEG-500123 Scholar Footwear Flight Classic Zephyr,Scholar Footwear Flight Classic,A,40,0,0,35,0.0,0
1662,PROD-170976,PROD-122029 SEG-504463 Junior Apparel Cozy Pullovers Varied,Junior Apparel Cozy Pullovers,C,18,0,0,3,0.0,0
1663,PROD-170977,PROD-122032 SEG-504463 Junior Apparel Cozy Pullovers Varied,Junior Apparel Cozy Pullovers,C,18,0,0,0,0.0,0
1633,PROD-170877,PROD-170298 SEG-516314 Junior Apparel Crew Tees Varied,Junior Apparel Crew Tees,C,19,0,0,6,0.0,0
47,PROD-100812,PROD-100955 SEG-500123 Scholar Footwear Flight Classic Zephyr,Scholar Footwear Flight Classic,A,40,0,0,37,0.0,0
1635,PROD-170887,PROD-122035 SEG-504464 Junior Apparel Cozy Trousers Varied,Junior Apparel Cozy Trousers,C,19,0,0,0,0.0,0
1690,PROD-171014,PROD-122049 SEG-504468 Junior Apparel Cozy Trousers Varied,Junior Apparel Cozy Trousers,C,14,0,0,0,0.0,0
1692,PROD-171017,PROD-168152 SEG-515923 Junior Apparel Crew Tees Varied,Junior Apparel Crew Tees,C,14,0,0,2,0.0,0
1693,PROD-171018,PROD-168151 SEG-515923 Junior Apparel Crew Tees Varied,Junior Apparel Crew Tees,C,14,0,0,1,0.0,0
1694,PROD-171020,PROD-134047 SEG-507537 Junior Apparel Cozy Pullovers Varied,Junior Apparel Cozy Pullovers,C,18,0,0,1,0.0,0
1695,PROD-171021,PROD-134046 SEG-507537 Junior Apparel Cozy Pullovers Varied,Junior Apparel Cozy Pullovers,C,18,1,1,3,0.0,2
1666,PROD-170981,PROD-122040 SEG-504465 Junior Apparel Cozy Trousers Varied,Junior Apparel Cozy Trousers,C,18,0,0,0,0.0,0
1667,PROD-170984,PROD-122019 SEG-504460 Junior Apparel Crew Tees Varied,Junior Apparel Crew Tees,C,18,0,0,1,0.0,0
1668,PROD-170985,PROD-122020 SEG-504460 Junior Apparel Crew Tees Varied,Junior Apparel Crew Tees,C,18,0,0,1,0.0,0
1669,PROD-170990,PROD-122005 SEG-504457 Junior Apparel Cozy Pullovers Varied,Junior Apparel Cozy Pullovers,C,19,0,0,3,0.0,0
1670,PROD-170991,PROD-122006 SEG-504457 Junior Apparel Cozy Pullovers Varied,Junior Apparel Cozy Pullovers,C,19,0,0,0,0.0,0
1672,PROD-170993,PROD-122008 SEG-504457 Junior Apparel Cozy Pullovers Varied,Junior Apparel Cozy Pullovers,C,19,0,0,2,0.0,0
1673,PROD-170994,PROD-122013 SEG-504459 Junior Apparel Cozy Trousers Varied,Junior Apparel Cozy Trousers,C,18,0,0,0,0.0,0
1674,PROD-170995,PROD-122014 SEG-504459 Junior Apparel Cozy Trousers Varied,Junior Apparel Cozy Trousers,C,18,0,0,1,0.0,0
1675,PROD-170996,PROD-122015 SEG-504459 Junior Apparel Cozy Trousers Varied,Junior Apparel Cozy Trousers,C,18,0,0,1,0.0,0
1676,PROD-170997,PROD-122016 SEG-504459 Junior Apparel Cozy Trousers Varied,Junior Apparel Cozy Trousers,C,18,0,0,2,0.0,0
1677,PROD-170998,PROD-176778 SEG-517477 Junior Apparel Gift Bundles Varied,Junior Apparel Gift Bundles,C,19,1,0,1,0.0,1
2164,PROD-183501,PROD-112984 SEG-502425 Scholar Footwear Retro Legend Summit,Scholar Footwear Retro Legend,A,24,0,0,0,0.0,0
1699,PROD-171025,PROD-134050 SEG-507538 Junior Apparel Cozy Trousers Varied,Junior Apparel Cozy Trousers,C,19,0,0,3,0.0,0
1700,PROD-171026,PROD-134049 SEG-507538 Junior Apparel Cozy Trousers Varied,Junior Apparel Cozy Trousers,C,19,0,0,4,0.0,0
1701,PROD-171027,PROD-134052 SEG-507538 Junior Apparel Cozy Trousers Varied,Junior Apparel Cozy Trousers,C,19,0,0,0,0.0,0
1702,PROD-171044,PROD-168057 SEG-515899 Junior Apparel Cozy Pullovers Varied,Junior Apparel Cozy Pullovers,C,17,0,0,0,0.0,0
1704,PROD-171046,PROD-168059 SEG-515899 Junior Apparel Cozy Pullovers Varied,Junior Apparel Cozy Pullovers,C,17,1,1,3,0.0,2
1710,PROD-171060,PROD-168046 SEG-515897 Junior Apparel Cozy Pullovers Varied,Junior Apparel Cozy Pullovers,C,16,1,1,1,0.0,2
1712,PROD-171071,PROD-168098 SEG-515909 Junior Apparel Cozy Pullovers Varied,Junior Apparel Cozy Pullovers,C,11,0,0,2,0.0,0
1713,PROD-171072,PROD-168099 SEG-515909 Junior Apparel Cozy Pullovers Varied,Junior Apparel Cozy Pullovers,C,11,0,0,1,0.0,0
1683,PROD-171004,PROD-122059 SEG-504470 Junior Apparel Crew Tees Varied,Junior Apparel Crew Tees,C,18,0,0,0,0.0,0
1684,PROD-171005,PROD-122058 SEG-504470 Junior Apparel Crew Tees Varied,Junior Apparel Crew Tees,C,18,0,0,3,0.0,0
1685,PROD-171006,PROD-122057 SEG-504470 Junior Apparel Crew Tees Varied,Junior Apparel Crew Tees,C,18,0,0,2,0.0,0
2272,PROD-190429,PROD-137225 SEG-508424 Junior Apparel Cozy Pullovers Varied,Junior Apparel Cozy Pullovers,C,18,0,0,1,0.0,0
2273,PROD-190487,PROD-105049 SEG-500830 Junior Apparel Crew Tees Varied,Junior Apparel Crew Tees,C,9,0,0,0,0.0,0
2274,PROD-190489,PROD-105051 SEG-500830 Junior Apparel Crew Tees Varied,Junior Apparel Crew Tees,C,9,0,0,0,0.0,0
2291,PROD-191297,PROD-130477 SEG-506677 Junior Apparel Crew Tees Varied,Junior Apparel Crew Tees,C,9,0,0,0,0.0,0
2306,PROD-193598,PROD-112669 SEG-502397 Scholar Footwear Modern Legend Summit,Scholar Footwear Modern Legend,B,40,0,0,1,0.0,0
705,PROD-158965,PROD-168072 SEG-515903 Junior Apparel Crop Pants Varied,Junior Apparel Crop Pants,C,17,0,0,2,0.0,0
708,PROD-158969,PROD-168065 SEG-515901 Junior Apparel Crop Pants Varied,Junior Apparel Crop Pants,C,11,0,0,0,0.0,0
33,PROD-100798,PROD-102571 SEG-500351 Scholar Footwear Flight Classic Zephyr,Scholar Footwear Flight Classic,A,40,0,0,34,0.0,0
2292,PROD-191298,PROD-142402 SEG-509682 Junior Apparel Crew Tees Varied,Junior Apparel Crew Tees,C,9,0,0,0,0.0,0
710,PROD-158972,PROD-168068 SEG-515902 Junior Apparel Gift Bundles Varied,Junior Apparel Gift Bundles,C,10,0,0,1,0.0,0
2302,PROD-193594,PROD-137888 SEG-508606 Scholar Footwear Modern Legend Summit,Scholar Footwear Modern Legend,A,40,0,0,0,0.0,0
1698,PROD-171024,PROD-134051 SEG-507538 Junior Apparel Cozy Trousers Varied,Junior Apparel Cozy Trousers,C,19,0,0,0,0.0,0
2277,PROD-190492,PROD-105040 SEG-500828 Junior Apparel Crew Tees Varied,Junior Apparel Crew Tees,C,9,0,0,0,0.0,0
2279,PROD-190494,PROD-105046 SEG-500829 Junior Apparel Crew Tees Varied,Junior Apparel Crew Tees,C,9,0,0,0,0.0,0
2280,PROD-190495,PROD-105045 SEG-500829 Junior Apparel Crew Tees Varied,Junior Apparel Crew Tees,C,9,1,1,0,0.0,2
2281,PROD-190496,PROD-105044 SEG-500829 Junior Apparel Crew Tees Varied,Junior Apparel Crew Tees,C,10,0,0,0,0.0,0
2283,PROD-191286,PROD-130485 SEG-506680 Junior Apparel Cozy Pullovers Varied,Junior Apparel Cozy Pullovers,C,9,0,0,0,0.0,0
2285,PROD-191289,PROD-130486 SEG-506680 Junior Apparel Cozy Pullovers Varied,Junior Apparel Cozy Pullovers,C,10,0,0,0,0.0,0
2286,PROD-191290,PROD-130481 SEG-506679 Junior Apparel Cozy Trousers Varied,Junior Apparel Cozy Trousers,C,9,0,0,0,0.0,0
2289,PROD-191293,PROD-130482 SEG-506679 Junior Apparel Cozy Trousers Varied,Junior Apparel Cozy Trousers,C,9,0,0,0,0.0,0
457,PROD-152103,PROD-170899 SEG-516410 Scholar Footwear Modern Legend Summit,Scholar Footwear Modern Legend,A,28,19,0,3,-0.009999999999999995,19
593,PROD-156277,PROD-188070 SEG-520267 Femme Footwear Trailblazer Zephyr,Femme Footwear Trailblazer,B,27,18,0,0,-0.01,18
561,PROD-154444,PROD-178985 SEG-518012 Femme Footwear Trailblazer Swift Run,Femme Footwear Trailblazer,C,9,1,0,0,-0.01,1
2224,PROD-184799,PROD-152333 SEG-512271 Scholar Footwear Trailblazer Zephyr,Scholar Footwear Trailblazer,B,40,1,0,0,-0.01,1
645,PROD-157534,PROD-122571 SEG-504599 Femme Footwear Court Casual Trident,Femme Footwear Court Casual,C,13,3,0,0,-0.01,3
230,PROD-138969,PROD-122112 SEG-504481 Junior Apparel Cozy Pullovers Varied,Junior Apparel Cozy Pullovers,B,19,1,0,10,-0.01,1
1444,PROD-169454,PROD-173851 SEG-516960 Femme Footwear Flight Classic Varied,Femme Footwear Flight Classic,C,40,5,0,2,-0.01,5
1151,PROD-166185,PROD-148903 SEG-511400 Femme Footwear Trailblazer Equilibrium,Femme Footwear Trailblazer,B,23,3,0,0,-0.01,3
1154,PROD-166193,PROD-148930 SEG-511403 Femme Footwear Trailblazer Equilibrium,Femme Footwear Trailblazer,C,19,1,0,0,-0.01,1
1362,PROD-168857,PROD-148663 SEG-511371 Femme Footwear Trailblazer Equilibrium,Femme Footwear Trailblazer,A,23,5,0,2,-0.01,5
413,PROD-151093,PROD-116274 SEG-502766 Femme Footwear Modern Legend Summit,Femme Footwear Modern Legend,B,10,1,0,2,-0.01,1
1120,PROD-166153,PROD-149163 SEG-511428 Femme Footwear Trailblazer Equilibrium,Femme Footwear Trailblazer,B,40,1,0,0,-0.01,1
1122,PROD-166155,PROD-149165 SEG-511428 Femme Footwear Trailblazer Equilibrium,Femme Footwear Trailblazer,A,40,1,0,0,-0.01,1
1126,PROD-166159,PROD-149169 SEG-511428 Femme Footwear Trailblazer Equilibrium,Femme Footwear Trailblazer,A,40,4,0,4,-0.01,4
1125,PROD-166158,PROD-149168 SEG-511428 Femme Footwear Trailblazer Equilibrium,Femme Footwear Trailblazer,A,40,4,0,0,-0.01,4
431,PROD-151816,PROD-112347 SEG-502368 Scholar Footwear Modern Legend Summit,Scholar Footwear Modern Legend,B,26,15,0,0,-0.01,15
1378,PROD-168878,PROD-148702 SEG-511376 Femme Footwear Trailblazer Equilibrium,Femme Footwear Trailblazer,A,40,5,0,2,-0.01,5
404,PROD-149692,PROD-103117 SEG-500427 Scholar Footwear Court Casual Trident,Scholar Footwear Court Casual,B,38,1,0,9,-0.01,1
1080,PROD-165953,PROD-102498 SEG-500344 Scholar Footwear Trailblazer Equilibrium,Scholar Footwear Trailblazer,B,24,12,0,0,-0.01,12
1365,PROD-168860,PROD-148666 SEG-511371 Femme Footwear Trailblazer Equilibrium,Femme Footwear Trailblazer,B,23,6,0,1,-0.01,6
2300,PROD-192667,PROD-101621 SEG-500213 Scholar Footwear Canvas Styles Canvas Co,Scholar Footwear Canvas Styles,A,33,10,0,5,-0.010000000000000005,10
223,PROD-138260,PROD-100194 SEG-500039 Scholar Footwear Trailblazer Equilibrium,Scholar Footwear Trailblazer,A,38,18,0,5,-0.019999999999999567,18
604,PROD-156824,PROD-149210 SEG-511430 Scholar Footwear Trailblazer Equilibrium,Scholar Footwear Trailblazer,B,12,8,0,0,-0.019999999999999997,8
419,PROD-151405,PROD-170219 SEG-516297 Junior Apparel Cozy Pullovers Varied,Junior Apparel Cozy Pullovers,C,10,5,0,0,-0.019999999999999997,5
643,PROD-157531,PROD-122577 SEG-504599 Femme Footwear Court Casual Trident,Femme Footwear Court Casual,B,10,4,0,1,-0.02,4
319,PROD-143388,PROD-179409 SEG-518062 Femme Footwear Court Casual Trident,Femme Footwear Court Casual,B,15,10,0,1,-0.02,10
927,PROD-162152,PROD-168222 SEG-515938 Junior Apparel Crew Tees Varied,Junior Apparel Crew Tees,C,18,7,0,1,-0.02,7
398,PROD-148836,PROD-182244 SEG-518682 Femme Footwear Court Casual Trident,Femme Footwear Court Casual,B,27,2,0,5,-0.02,2
1364,PROD-168859,PROD-148665 SEG-511371 Femme Footwear Trailblazer Equilibrium,Femme Footwear Trailblazer,B,22,6,0,0,-0.02,6
937,PROD-162215,PROD-170214 SEG-516296 Junior Apparel Crew Tees Varied,Junior Apparel Crew Tees,C,17,6,0,3,-0.02,6
900,PROD-161818,PROD-122258 SEG-504511 Junior Apparel Crop Pants Varied,Junior Apparel Crop Pants,C,13,5,0,0,-0.02,5
923,PROD-161959,PROD-153474 SEG-512523 Femme Footwear Court Casual Zephyr,Femme Footwear Court Casual,B,14,3,0,1,-0.02,3
823,PROD-160767,PROD-137088 SEG-508389 Scholar Footwear Modern Legend Summit,Scholar Footwear Modern Legend,A,40,8,0,4,-0.02,8
1148,PROD-166182,PROD-148900 SEG-511400 Femme Footwear Trailblazer Equilibrium,Femme Footwear Trailblazer,B,23,4,0,0,-0.02,4
1079,PROD-165952,PROD-102497 SEG-500344 Scholar Footwear Trailblazer Equilibrium,Scholar Footwear Trailblazer,B,27,17,0,0,-0.02,17
511,PROD-152551,PROD-128749 SEG-506280 Femme Footwear Court Casual Zephyr,Femme Footwear Court Casual,B,23,18,0,0,-0.02,18
179,PROD-127971,PROD-168572 SEG-515991 Femme Footwear Court Casual Trident,Femme Footwear Court Casual,C,25,11,0,0,-0.020000000000000004,11
1513,PROD-170091,PROD-102655 SEG-500365 Scholar Footwear Trailblazer Zephyr,Scholar Footwear Trailblazer,A,40,7,0,2,-0.029999999999999943,7
906,PROD-161833,PROD-168202 SEG-515933 Junior Apparel Crew Tees Varied,Junior Apparel Crew Tees,C,15,7,0,2,-0.03,7
908,PROD-161835,PROD-122262 SEG-504512 Junior Apparel Crop Pants Varied,Junior Apparel Crop Pants,C,17,11,0,0,-0.03,11
1147,PROD-166181,PROD-148899 SEG-511400 Femme Footwear Trailblazer Equilibrium,Femme Footwear Trailblazer,B,24,3,0,1,-0.03,3
1382,PROD-168882,PROD-148706 SEG-511376 Femme Footwear Trailblazer Equilibrium,Femme Footwear Trailblazer,B,40,5,0,0,-0.03,5
640,PROD-157528,PROD-122574 SEG-504599 Femme Footwear Court Casual Trident,Femme Footwear Court Casual,B,16,7,0,0,-0.03,7
587,PROD-156266,PROD-188109 SEG-520271 Femme Footwear Trailblazer Zephyr,Femme Footwear Trailblazer,B,18,7,0,1,-0.03,7
1155,PROD-166195,PROD-148932 SEG-511403 Femme Footwear Trailblazer Equilibrium,Femme Footwear Trailblazer,C,19,3,0,1,-0.03,3
151,PROD-123533,PROD-169847 SEG-516218 Junior Apparel Crop Pants Zephyr,Junior Apparel Crop Pants,C,19,8,0,3,-0.030000000000000002,8
1774,PROD-173850,PROD-179480 SEG-518069 Femme Footwear Court Casual Trident,Femme Footwear Court Casual,B,40,7,0,1,-0.03999999999999999,7
1361,PROD-168856,PROD-148662 SEG-511371 Femme Footwear Trailblazer Equilibrium,Femme Footwear Trailblazer,B,22,8,0,0,-0.04,8
1078,PROD-165951,PROD-102496 SEG-500344 Scholar Footwear Trailblazer Equilibrium,Scholar Footwear Trailblazer,B,25,14,0,0,-0.04,14
819,PROD-160763,PROD-137084 SEG-508389 Scholar Footwear Modern Legend Summit,Scholar Footwear Modern Legend,B,31,3,0,0,-0.04,3
641,PROD-157529,PROD-122575 SEG-504599 Femme Footwear Court Casual Trident,Femme Footwear Court Casual,B,12,6,0,0,-0.04,6
820,PROD-160764,PROD-137087 SEG-508389 Scholar Footwear Modern Legend Summit,Scholar Footwear Modern Legend,A,26,4,0,2,-0.05,4
335,PROD-145803,PROD-171406 SEG-516492 Scholar Footwear Modern Legend Summit,Scholar Footwear Modern Legend,A,34,16,0,6,-0.05,16
401,PROD-148840,PROD-182248 SEG-518682 Femme Footwear Court Casual Trident,Femme Footwear Court Casual,B,29,7,0,0,-0.05,7
512,PROD-152561,PROD-128727 SEG-506278 Femme Footwear Court Casual Zephyr,Femme Footwear Court Casual,B,28,21,0,0,-0.05,21
595,PROD-156280,PROD-188063 SEG-520267 Femme Footwear Trailblazer Zephyr,Femme Footwear Trailblazer,C,14,7,0,1,-0.05,7
818,PROD-160762,PROD-137085 SEG-508389 Scholar Footwear Modern Legend Summit,Scholar Footwear Modern Legend,B,31,5,0,3,-0.05,5
439,PROD-152045,PROD-166020 SEG-515561 Scholar Footwear Modern Legend Summit,Scholar Footwear Modern Legend,B,37,26,1,1,-0.0500000000000091,27
2301,PROD-192668,PROD-101625 SEG-500213 Scholar Footwear Canvas Styles Canvas Co,Scholar Footwear Canvas Styles,B,38,8,0,8,-0.06,8
585,PROD-156263,PROD-188106 SEG-520271 Femme Footwear Trailblazer Zephyr,Femme Footwear Trailblazer,B,11,5,0,2,-0.06,5
24,PROD-100448,PROD-100824 SEG-500112 Heritage Footwear Flight Classic Zephyr,Femme Footwear Flight Classic,A,40,1,0,16,-0.06,1
837,PROD-160834,PROD-163111 SEG-515001 Scholar Footwear Retro Legend Summit,Scholar Footwear Retro Legend,A,24,16,0,0,-0.06,16
910,PROD-161839,PROD-122222 SEG-504503 Junior Apparel Crew Tees Varied,Junior Apparel Crew Tees,C,15,7,0,2,-0.06,7
238,PROD-138977,PROD-122135 SEG-504485 Junior Apparel Cozy Trousers Varied,Junior Apparel Cozy Trousers,C,8,3,0,1,-0.06,3
445,PROD-152053,PROD-137081 SEG-508388 Scholar Footwear Modern Legend Summit,Scholar Footwear Modern Legend,A,27,16,0,2,-0.07,16
1927,PROD-176431,PROD-163501 SEG-515104 Femme Footwear Trailblazer Varied,Femme Footwear Trailblazer,C,27,1,0,1,-0.08,1
2299,PROD-192666,PROD-101623 SEG-500213 Scholar Footwear Canvas Styles Canvas Co,Scholar Footwear Canvas Styles,B,36,7,0,3,-0.08,7
500,PROD-152520,PROD-174086 SEG-516990 Femme Footwear Court Casual Zephyr,Femme Footwear Court Casual,B,30,19,0,2,-0.08,19
1999,PROD-179163,PROD-148794 SEG-511387 Femme Footwear Trailblazer Equilibrium,Femme Footwear Trailblazer,B,7,3,0,0,-0.08000000000000002,3
777,PROD-159723,PROD-154011 SEG-512643 Scholar Footwear Trailblazer Zephyr,Scholar Footwear Trailblazer,A,40,19,0,7,-0.09,19
907,PROD-161834,PROD-122263 SEG-504512 Junior Apparel Crop Pants Varied,Junior Apparel Crop Pants,C,13,6,0,0,-0.09,6
560,PROD-154442,PROD-178983 SEG-518012 Femme Footwear Trailblazer Swift Run,Femme Footwear Trailblazer,B,10,4,0,0,-0.09999999999999998,4
402,PROD-148959,PROD-109639 SEG-502016 Femme Footwear Court Casual Trident,Femme Footwear Court Casual,B,26,11,0,0,-0.1,11
442,PROD-152049,PROD-137077 SEG-508388 Scholar Footwear Modern Legend Summit,Scholar Footwear Modern Legend,B,11,7,0,1,-0.1,7
1200,PROD-167651,PROD-149240 SEG-511434 Scholar Footwear Trailblazer Equilibrium,Scholar Footwear Trailblazer,A,20,18,0,0,-0.1,18
590,PROD-156273,PROD-188066 SEG-520267 Femme Footwear Trailblazer Zephyr,Femme Footwear Trailblazer,B,18,12,0,1,-0.11,12
515,PROD-152567,PROD-110404 SEG-502157 Femme Footwear Flight Classic Varied,Femme Footwear Flight Classic,B,22,20,0,1,-0.11,20
456,PROD-152102,PROD-170900 SEG-516410 Scholar Footwear Modern Legend Summit,Scholar Footwear Modern Legend,A,30,26,0,0,-0.11000000000000001,26
234,PROD-138973,PROD-122133 SEG-504485 Junior Apparel Cozy Trousers Varied,Junior Apparel Cozy Trousers,C,19,2,0,3,-0.12,2
501,PROD-152526,PROD-169462 SEG-516139 Femme Footwear Court Casual Zephyr,Femme Footwear Court Casual,B,30,15,0,1,-0.12,15
766,PROD-159708,PROD-153997 SEG-512641 Scholar Footwear Trailblazer Zephyr,Scholar Footwear Trailblazer,A,40,18,0,7,-0.13,18
527,PROD-152803,PROD-111728 SEG-502297 Scholar Footwear Flight Classic Zephyr,Scholar Footwear Flight Classic,B,25,19,0,3,-0.14,19
508,PROD-152540,PROD-174096 SEG-516991 Femme Footwear Court Casual Zephyr,Femme Footwear Court Casual,B,28,14,0,1,-0.14,14
525,PROD-152720,PROD-173379 SEG-516907 Scholar Footwear Flight Classic Zephyr,Scholar Footwear Flight Classic,B,29,17,0,3,-0.14,17
434,PROD-151976,PROD-137933 SEG-508610 Heritage Footwear Modern Legend Summit,Scholar Footwear Modern Legend,A,37,19,1,5,-0.1400000000000074,20
498,PROD-152518,PROD-174084 SEG-516990 Femme Footwear Court Casual Zephyr,Femme Footwear Court Casual,B,28,21,0,1,-0.15,21
1733,PROD-172724,PROD-179977 SEG-518123 Scholar Footwear Trailblazer Swift Run,Scholar Footwear Trailblazer,B,40,20,0,0,-0.16,20
406,PROD-149694,PROD-103092 SEG-500425 Scholar Footwear Court Casual Trident,Scholar Footwear Court Casual,A,39,2,0,5,-0.16,2
458,PROD-152104,PROD-170901 SEG-516410 Scholar Footwear Modern Legend Summit,Scholar Footwear Modern Legend,A,22,19,0,0,-0.16999999999999998,19
499,PROD-152519,PROD-174085 SEG-516990 Femme Footwear Court Casual Zephyr,Femme Footwear Court Casual,B,32,21,0,2,-0.17,21
1082,PROD-165955,PROD-102500 SEG-500344 Scholar Footwear Trailblazer Equilibrium,Scholar Footwear Trailblazer,A,37,17,1,3,-0.1899999999999966,18
505,PROD-152536,PROD-174092 SEG-516991 Femme Footwear Court Casual Zephyr,Femme Footwear Court Casual,B,29,20,0,2,-0.19,20
142,PROD-123475,PROD-171460 SEG-516505 Junior Apparel Cozy Trousers Zephyr,Junior Apparel Cozy Trousers,C,18,1,0,0,-0.2,1
827,PROD-160774,PROD-170759 SEG-516386 Scholar Footwear Modern Legend Summit,Scholar Footwear Modern Legend,A,33,11,0,1,-0.2,11
565,PROD-154449,PROD-178977 SEG-518012 Femme Footwear Trailblazer Swift Run,Femme Footwear Trailblazer,B,12,4,0,2,-0.21,4
233,PROD-138972,PROD-122115 SEG-504481 Junior Apparel Cozy Pullovers Varied,Junior Apparel Cozy Pullovers,C,19,3,0,2,-0.21,3
825,PROD-160772,PROD-170757 SEG-516386 Scholar Footwear Modern Legend Summit,Scholar Footwear Modern Legend,A,32,12,0,2,-0.21,12
1107,PROD-166120,PROD-148720 SEG-511378 Femme Footwear Trailblazer Equilibrium,Femme Footwear Trailblazer,B,27,1,0,0,-0.22,1
437,PROD-151980,PROD-137937 SEG-508610 Heritage Footwear Modern Legend Summit,Scholar Footwear Modern Legend,A,34,29,0,0,-0.23,29
566,PROD-154450,PROD-178979 SEG-518012 Femme Footwear Trailblazer Swift Run,Femme Footwear Trailblazer,B,9,4,0,1,-0.24,4
828,PROD-160775,PROD-170761 SEG-516386 Scholar Footwear Modern Legend Summit,Scholar Footwear Modern Legend,A,39,24,0,5,-0.25,24
573,PROD-154480,PROD-178954 SEG-518009 Femme Footwear Trailblazer Swift Run,Femme Footwear Trailblazer,C,17,8,0,1,-0.25,8
1767,PROD-173843,PROD-179482 SEG-518069 Femme Footwear Court Casual Trident,Femme Footwear Court Casual,B,40,5,0,1,-0.26,5
459,PROD-152111,PROD-171135 SEG-516450 Scholar Footwear Modern Legend Summit,Scholar Footwear Modern Legend,A,33,24,0,1,-0.26,24
1189,PROD-167515,PROD-149322 SEG-511441 Scholar Footwear Trailblazer Equilibrium,Scholar Footwear Trailblazer,A,21,12,0,0,-0.3,12
1188,PROD-167514,PROD-149321 SEG-511441 Scholar Footwear Trailblazer Equilibrium,Scholar Footwear Trailblazer,A,21,13,0,0,-0.30000000000000004,13
1773,PROD-173849,PROD-179488 SEG-518069 Femme Footwear Court Casual Trident,Femme Footwear Court Casual,B,40,3,0,0,-0.35000000000000003,3
563,PROD-154447,PROD-178976 SEG-518012 Femme Footwear Trailblazer Swift Run,Femme Footwear Trailblazer,A,14,5,0,2,-0.39,5
826,PROD-160773,PROD-170760 SEG-516386 Scholar Footwear Modern Legend Summit,Scholar Footwear Modern Legend,A,30,11,0,0,-0.39,11
1106,PROD-166114,PROD-149346 SEG-511444 Femme Footwear Trailblazer Equilibrium,Femme Footwear Trailblazer,B,40,3,0,1,-0.41999999999999993,3
1457,PROD-169474,PROD-153439 SEG-512518 Femme Footwear Court Casual Zephyr,Femme Footwear Court Casual,A,40,23,0,5,-0.42,23
1782,PROD-175308,PROD-113752 SEG-502494 Scholar Footwear Retro Legend Summit,Scholar Footwear Retro Legend,B,27,2,0,1,-0.45,2
1453,PROD-169470,PROD-153435 SEG-512518 Femme Footwear Court Casual Zephyr,Femme Footwear Court Casual,A,40,16,0,6,-0.51,16
2088,PROD-181254,PROD-189517 SEG-520551 Femme Footwear Court Casual Zephyr,Femme Footwear Court Casual,B,40,4,0,0,-0.5100000000000002,4
199,PROD-133052,PROD-167704 SEG-515800 Junior Apparel Crop Pants Zephyr,Junior Apparel Crop Pants,C,18,9,1,1,-0.5400000000000005,10
1115,PROD-166141,PROD-149090 SEG-511421 Femme Footwear Trailblazer Equilibrium,Femme Footwear Trailblazer,B,40,2,0,4,-0.58,2
839,PROD-160836,PROD-163114 SEG-515001 Scholar Footwear Retro Legend Summit,Scholar Footwear Retro Legend,A,23,16,0,0,-0.5800000000000001,16
564,PROD-154448,PROD-178978 SEG-518012 Femme Footwear Trailblazer Swift Run,Femme Footwear Trailblazer,B,10,7,0,0,-0.71,7
1171,PROD-167088,PROD-109521 SEG-501989 Femme Footwear Trailblazer Stride Pro,Femme Footwear Trailblazer,B,7,3,0,0,-0.7200000000000001,3
1168,PROD-166970,PROD-117528 SEG-503062 Scholar Footwear Trailblazer Stride Pro,Scholar Footwear Trailblazer,B,11,5,0,2,-0.76,5
842,PROD-160839,PROD-163115 SEG-515001 Scholar Footwear Retro Legend Summit,Scholar Footwear Retro Legend,A,24,9,0,0,-0.7699999999999999,9
198,PROD-133051,PROD-167705 SEG-515800 Junior Apparel Crop Pants Zephyr,Junior Apparel Crop Pants,C,18,10,0,2,-0.8,10
1757,PROD-173402,PROD-150844 SEG-511851 Scholar Footwear Trailblazer Equilibrium,Scholar Footwear Trailblazer,B,15,2,0,2,-0.8400000000000001,2
2205,PROD-184462,PROD-179897 SEG-518118 Scholar Footwear Trailblazer Swift Run,Scholar Footwear Trailblazer,A,40,2,0,6,-0.89,2
1734,PROD-172726,PROD-179979 SEG-518123 Scholar Footwear Trailblazer Swift Run,Scholar Footwear Trailblazer,A,40,16,0,2,-1.0,16
1518,PROD-170096,PROD-102661 SEG-500365 Scholar Footwear Trailblazer Zephyr,Scholar Footwear Trailblazer,A,40,13,0,5,-1.0799999999999998,13
1263,PROD-168532,PROD-187331 SEG-520073 Femme Footwear Boot Collection Plushfoot,Femme Footwear Boot Collection,A,17,7,0,6,-1.08,7
2119,PROD-181844,PROD-152523 SEG-512313 Scholar Footwear Court Casual Zephyr,Scholar Footwear Court Casual,B,40,5,0,0,-1.1500000000000001,5
572,PROD-154479,PROD-178955 SEG-518009 Femme Footwear Trailblazer Swift Run,Femme Footwear Trailblazer,B,14,5,0,1,-1.1900000000000004,5
2000,PROD-179164,PROD-148795 SEG-511387 Femme Footwear Trailblazer Equilibrium,Femme Footwear Trailblazer,B,8,3,0,0,-1.26,3
1454,PROD-169471,PROD-153436 SEG-512518 Femme Footwear Court Casual Zephyr,Femme Footwear Court Casual,A,40,19,0,7,-1.28,19
403,PROD-149689,PROD-103114 SEG-500427 Scholar Footwear Court Casual Trident,Scholar Footwear Court Casual,B,39,2,0,6,-1.2999999999999998,2
1370,PROD-168865,PROD-148712 SEG-511377 Femme Footwear Trailblazer Equilibrium,Femme Footwear Trailblazer,A,21,13,0,3,-1.3600000000000003,13
216,PROD-138119,PROD-189892 SEG-520643 Femme Footwear Boot Collection Plushfoot,Femme Footwear Boot Collection,A,17,8,0,1,-1.3699999999999999,8
2089,PROD-181255,PROD-189518 SEG-520551 Femme Footwear Court Casual Zephyr,Femme Footwear Court Casual,B,40,3,0,0,-1.4000000000000004,3
1101,PROD-166108,PROD-149340 SEG-511444 Femme Footwear Trailblazer Equilibrium,Femme Footwear Trailblazer,B,40,7,0,0,-1.41,7
220,PROD-138128,PROD-189495 SEG-520545 Femme Footwear Boot Collection Plushfoot,Femme Footwear Boot Collection,B,18,4,0,1,-1.43,4
2068,PROD-180714,PROD-190636 SEG-520887 Femme Footwear Court Casual Trident,Femme Footwear Court Casual,B,39,11,0,0,-1.5299999999999996,11
810,PROD-160708,PROD-188564 SEG-520369 Scholar Footwear Trailblazer Zephyr,Scholar Footwear Trailblazer,A,40,17,0,2,-1.5599999999999998,17
147,PROD-123505,PROD-171491 SEG-516513 Junior Apparel Crop Pants Zephyr,Junior Apparel Crop Pants,C,13,7,0,0,-1.61,7
1014,PROD-165155,PROD-108132 SEG-501616 Junior Apparel Crop Pants Varied,Junior Apparel Crop Pants,C,18,1,0,0,-1.68,1
236,PROD-138975,PROD-122131 SEG-504485 Junior Apparel Cozy Trousers Varied,Junior Apparel Cozy Trousers,C,19,9,0,0,-1.69,9
555,PROD-154130,PROD-182264 SEG-518684 Femme Footwear Court Casual Trident,Femme Footwear Court Casual,B,22,8,0,2,-1.7400000000000002,8
1810,PROD-175352,PROD-113992 SEG-502511 Scholar Footwear Retro Legend Summit,Scholar Footwear Retro Legend,B,9,7,0,0,-1.7400000000000002,7
2090,PROD-181256,PROD-189519 SEG-520551 Femme Footwear Court Casual Zephyr,Femme Footwear Court Casual,B,40,8,0,1,-1.79,8
1012,PROD-165152,PROD-108134 SEG-501616 Junior Apparel Crop Pants Varied,Junior Apparel Crop Pants,C,9,1,0,2,-1.8,1
2122,PROD-181847,PROD-152531 SEG-512313 Scholar Footwear Court Casual Zephyr,Scholar Footwear Court Casual,A,40,7,0,0,-1.9500000000000002,7
492,PROD-152430,PROD-171771 SEG-516576 Scholar Footwear Hardcourt Zephyr,Scholar Footwear Hardcourt,A,39,17,0,4,-1.9699999999999998,17
88,PROD-110209,PROD-124801 SEG-505212 Femme Footwear Boot Collection Plushfoot,Femme Footwear Boot Collection,C,13,2,0,0,-2.16,2
2123,PROD-181848,PROD-152529 SEG-512313 Scholar Footwear Court Casual Zephyr,Scholar Footwear Court Casual,A,40,6,0,0,-2.26,6
1170,PROD-166972,PROD-117530 SEG-503062 Scholar Footwear Trailblazer Stride Pro,Scholar Footwear Trailblazer,B,12,4,0,0,-2.27,4
327,PROD-145635,PROD-175497 SEG-517252 Scholar Footwear Retro Legend Summit,Scholar Footwear Retro Legend,A,29,21,0,0,-2.5200000000000005,21
106,PROD-116358,PROD-122116 SEG-504482 Junior Apparel Cozy Trousers Zephyr,Junior Apparel Cozy Trousers,B,19,8,1,1,-2.770000000000003,9
567,PROD-154466,PROD-178966 SEG-518010 Femme Footwear Trailblazer Swift Run,Femme Footwear Trailblazer,B,15,5,0,1,-2.9,5
1178,PROD-167101,PROD-109498 SEG-501986 Femme Footwear Trailblazer Stride Pro,Femme Footwear Trailblazer,C,11,6,0,0,-2.9299999999999997,6
1456,PROD-169473,PROD-153438 SEG-512518 Femme Footwear Court Casual Zephyr,Femme Footwear Court Casual,A,40,21,0,3,-2.96,21
224,PROD-138261,PROD-100195 SEG-500039 Scholar Footwear Trailblazer Equilibrium,Scholar Footwear Trailblazer,A,38,17,0,7,-3.2600000000000002,17
92,PROD-112071,PROD-103306 SEG-500452 Scholar Footwear Boot Collection Plushfoot,Scholar Footwear Boot Collection,A,20,13,0,0,-3.260000000000001,13
1811,PROD-175353,PROD-113991 SEG-502511 Scholar Footwear Retro Legend Summit,Scholar Footwear Retro Legend,A,8,7,0,0,-3.31,7
1109,PROD-166135,PROD-149084 SEG-511421 Femme Footwear Trailblazer Equilibrium,Femme Footwear Trailblazer,B,40,7,0,0,-3.44,7
111,PROD-118966,PROD-138466 SEG-508729 Scholar Footwear Modern Legend Summit,Scholar Footwear Modern Legend,A,40,4,0,1,-3.54,4
219,PROD-138127,PROD-189494 SEG-520545 Femme Footwear Boot Collection Plushfoot,Femme Footwear Boot Collection,B,17,2,0,0,-4.04,2
288,PROD-141933,PROD-122548 SEG-504595 Scholar Footwear Court Casual Trident,Scholar Footwear Court Casual,A,37,23,1,1,-4.160000000000009,24
656,PROD-158033,PROD-134137 SEG-507556 Junior Apparel Printed Tees Varied,Junior Apparel Printed Tees,C,20,1,0,2,-4.5,1
2091,PROD-181257,PROD-189520 SEG-520551 Femme Footwear Court Casual Zephyr,Femme Footwear Court Casual,A,40,5,0,0,-4.5600000000000005,5
487,PROD-152240,PROD-107892 SEG-501566 Scholar Footwear Trailblazer Equilibrium,Scholar Footwear Trailblazer,A,33,22,0,3,-4.6200000000000045,22
2319,PROD-193910,PROD-116113 SEG-502743 Scholar Footwear Trainer Zephyr,Scholar Footwear Trainer,A,40,25,0,5,-4.640000000000001,25
1368,PROD-168863,PROD-148710 SEG-511377 Femme Footwear Trailblazer Equilibrium,Femme Footwear Trailblazer,A,22,10,0,6,-4.78,10
263,PROD-139861,PROD-100443 SEG-500065 Scholar Footwear Trailblazer Equilibrium,Scholar Footwear Trailblazer,A,40,20,1,5,-4.820000000000003,21
1366,PROD-168861,PROD-148708 SEG-511377 Femme Footwear Trailblazer Equilibrium,Femme Footwear Trailblazer,B,21,10,0,0,-4.86,10
1159,PROD-166362,PROD-102540 SEG-500347 Scholar Footwear Trailblazer Equilibrium,Scholar Footwear Trailblazer,A,40,17,0,7,-4.89,17
1809,PROD-175350,PROD-113990 SEG-502511 Scholar Footwear Retro Legend Summit,Scholar Footwear Retro Legend,A,9,6,0,1,-4.98,6
1369,PROD-168864,PROD-148711 SEG-511377 Femme Footwear Trailblazer Equilibrium,Femme Footwear Trailblazer,A,21,15,0,1,-5.25,15
1102,PROD-166110,PROD-149342 SEG-511444 Femme Footwear Trailblazer Equilibrium,Femme Footwear Trailblazer,B,40,3,0,0,-5.319999999999999,3
816,PROD-160714,PROD-188569 SEG-520369 Scholar Footwear Trailblazer Zephyr,Scholar Footwear Trailblazer,A,40,27,0,3,-5.359999999999999,27
1964,PROD-177185,PROD-191177 SEG-521013 Junior Apparel Printed Tees Varied,Junior Apparel Printed Tees,C,17,2,1,4,-5.5,3
1965,PROD-177186,PROD-182471 SEG-518722 Junior Apparel Printed Tees Varied,Junior Apparel Printed Tees,C,15,1,0,2,-5.5,1
574,PROD-154481,PROD-178943 SEG-518009 Femme Footwear Trailblazer Swift Run,Femme Footwear Trailblazer,B,13,5,0,1,-5.71,5
962,PROD-163281,PROD-184537 SEG-519252 Junior Apparel Printed Tees Varied,Junior Apparel Printed Tees,C,18,2,1,4,-5.75,3
976,PROD-163834,PROD-180110 SEG-518151 Femme Footwear Trailblazer Swift Run,Femme Footwear Trailblazer,A,32,7,0,0,-5.92,7
948,PROD-163172,PROD-122206 SEG-504500 Junior Apparel Crew Tees Varied,Junior Apparel Crew Tees,C,16,1,0,6,-6.0,1
1725,PROD-171897,PROD-121243 SEG-504212 Junior Apparel Crop Pants Varied,Junior Apparel Crop Pants,C,11,1,0,0,-6.5,1
2004,PROD-179168,PROD-148799 SEG-511387 Femme Footwear Trailblazer Equilibrium,Femme Footwear Trailblazer,B,18,5,0,0,-6.57,5
2063,PROD-180709,PROD-190640 SEG-520887 Femme Footwear Court Casual Trident,Femme Footwear Court Casual,B,39,13,0,0,-6.720000000000001,13
2181,PROD-183712,PROD-121312 SEG-504230 Junior Apparel Printed Tees Varied,Junior Apparel Printed Tees,C,17,1,0,8,-6.75,1
570,PROD-154477,PROD-178952 SEG-518009 Femme Footwear Trailblazer Swift Run,Femme Footwear Trailblazer,C,14,9,0,0,-6.9399999999999995,9
1628,PROD-170872,PROD-170317 SEG-516319 Junior Apparel Crew Tees Varied,Junior Apparel Crew Tees,C,19,1,0,1,-7.0,1
949,PROD-163264,PROD-186852 SEG-519882 Junior Apparel Printed Tees Varied,Junior Apparel Printed Tees,C,18,1,0,3,-7.0,1
690,PROD-158893,PROD-168086 SEG-515906 Junior Apparel Crew Tees Varied,Junior Apparel Crew Tees,C,18,1,0,2,-7.0,1
634,PROD-157428,PROD-130588 SEG-506721 Junior Apparel Printed Tees Varied,Junior Apparel Printed Tees,C,17,1,0,3,-7.0,1
633,PROD-157418,PROD-104877 SEG-500746 Junior Apparel Printed Tees Varied,Junior Apparel Printed Tees,C,18,2,1,4,-7.0,3
689,PROD-158891,PROD-168085 SEG-515906 Junior Apparel Crew Tees Varied,Junior Apparel Crew Tees,C,16,1,0,4,-7.0,1
1630,PROD-170874,PROD-170319 SEG-516319 Junior Apparel Crew Tees Varied,Junior Apparel Crew Tees,C,19,1,0,1,-7.0,1
1629,PROD-170873,PROD-170318 SEG-516319 Junior Apparel Crew Tees Varied,Junior Apparel Crew Tees,C,19,1,0,7,-7.0,1
393,PROD-148307,PROD-117613 SEG-503080 Junior Apparel Printed Tees Varied,Junior Apparel Printed Tees,C,18,1,0,7,-7.25,1
2065,PROD-180711,PROD-190642 SEG-520887 Femme Footwear Court Casual Trident,Femme Footwear Court Casual,B,39,10,0,0,-7.31,10
1088,PROD-165961,PROD-149191 SEG-511431 Scholar Footwear Trailblazer Equilibrium,Scholar Footwear Trailblazer,B,30,17,0,0,-7.340000000000001,17
2001,PROD-179165,PROD-148796 SEG-511387 Femme Footwear Trailblazer Equilibrium,Femme Footwear Trailblazer,B,16,4,0,2,-7.41,4
771,PROD-159715,PROD-167992 SEG-515883 Junior Apparel Crew Tees Varied,Junior Apparel Crew Tees,C,13,1,0,4,-7.7,1
1619,PROD-170863,PROD-170308 SEG-516317 Junior Apparel Trousers Varied,Junior Apparel Trousers,C,19,1,0,1,-7.7,1
1594,PROD-170825,PROD-168316 SEG-515959 Junior Apparel Crew Tees Varied,Junior Apparel Crew Tees,C,19,1,0,4,-7.7,1
1620,PROD-170864,PROD-170309 SEG-516317 Junior Apparel Trousers Varied,Junior Apparel Trousers,C,19,1,0,3,-7.7,1
140,PROD-123293,PROD-102561 SEG-500349 Scholar Footwear Trailblazer Equilibrium,Scholar Footwear Trailblazer,A,40,28,1,3,-7.87999999999999,29
169,PROD-124595,PROD-100986 SEG-500125 Toddler Footwear Flight Classic Zephyr,Scholar Footwear Flight Classic,A,30,23,0,2,-7.880000000000001,23
2231,PROD-185760,PROD-129676 SEG-506451 Junior Apparel Crew Tees Varied,Junior Apparel Crew Tees,C,9,1,0,0,-8.0,1
115,PROD-118970,PROD-138470 SEG-508729 Scholar Footwear Modern Legend Summit,Scholar Footwear Modern Legend,A,40,9,0,6,-8.18,9
134,PROD-123287,PROD-102555 SEG-500349 Scholar Footwear Trailblazer Equilibrium,Scholar Footwear Trailblazer,A,40,29,0,2,-8.21,29
1602,PROD-170843,PROD-168216 SEG-515936 Junior Apparel Crew Tees Varied,Junior Apparel Crew Tees,C,19,2,1,0,-8.4,3
2258,PROD-190339,PROD-137214 SEG-508422 Junior Apparel Crew Tees Varied,Junior Apparel Crew Tees,C,18,1,0,4,-8.4,1
108,PROD-116360,PROD-122120 SEG-504482 Junior Apparel Cozy Trousers Zephyr,Junior Apparel Cozy Trousers,C,18,9,0,0,-8.62,9
129,PROD-121532,PROD-102948 SEG-500406 Scholar Footwear Court Casual Trident,Scholar Footwear Court Casual,A,40,29,0,1,-8.64,29
2132,PROD-181888,PROD-152290 SEG-512268 Scholar Footwear Trailblazer Zephyr,Scholar Footwear Trailblazer,A,40,4,0,1,-8.97,4
2128,PROD-181881,PROD-152311 SEG-512269 Scholar Footwear Trailblazer Zephyr,Scholar Footwear Trailblazer,A,40,11,0,2,-9.13,11
1156,PROD-166225,PROD-149563 SEG-511489 Junior Apparel Cozy Pullovers Varied,Junior Apparel Cozy Pullovers,C,13,1,0,3,-9.5,1
12,PROD-100359,PROD-164495 SEG-515310 Femme Footwear Court Casual Zephyr,Femme Footwear Court Casual,A,40,28,1,4,-9.780000000000001,29
767,PROD-159709,PROD-167996 SEG-515884 Junior Apparel Crew Tees Varied,Junior Apparel Crew Tees,C,13,1,0,5,-9.8,1
1641,PROD-170893,PROD-168159 SEG-515925 Junior Apparel Crew Tees Varied,Junior Apparel Crew Tees,C,19,2,0,5,-9.8,2
1640,PROD-170892,PROD-168160 SEG-515925 Junior Apparel Crew Tees Varied,Junior Apparel Crew Tees,C,19,2,0,6,-9.8,2
1691,PROD-171016,PROD-168153 SEG-515923 Junior Apparel Crew Tees Varied,Junior Apparel Crew Tees,C,14,1,0,1,-9.8,1
1112,PROD-166138,PROD-149087 SEG-511421 Femme Footwear Trailblazer Equilibrium,Femme Footwear Trailblazer,A,40,6,0,1,-9.86,6
1241,PROD-168098,PROD-170265 SEG-516306 Junior Apparel Crew Tees Varied,Junior Apparel Crew Tees,C,18,1,0,2,-10.5,1
693,PROD-158901,PROD-168078 SEG-515904 Junior Apparel Crop Pants Varied,Junior Apparel Crop Pants,C,19,1,0,5,-10.5,1
745,PROD-159677,PROD-170075 SEG-516269 Junior Apparel Crew Tees Varied,Junior Apparel Crew Tees,C,18,1,0,4,-10.5,1
1643,PROD-170895,PROD-168157 SEG-515924 Junior Apparel Crew Tees Varied,Junior Apparel Crew Tees,C,12,1,0,2,-10.5,1
744,PROD-159676,PROD-170076 SEG-516269 Junior Apparel Crew Tees Varied,Junior Apparel Crew Tees,C,16,1,0,1,-10.5,1
2262,PROD-190418,PROD-137164 SEG-508407 Junior Apparel Crew Tees Varied,Junior Apparel Crew Tees,C,18,1,0,1,-10.5,1
225,PROD-138262,PROD-100196 SEG-500039 Scholar Footwear Trailblazer Equilibrium,Scholar Footwear Trailblazer,A,37,18,0,6,-10.67,18
383,PROD-147349,PROD-122508 SEG-504591 Scholar Footwear Court Casual Trident,Scholar Footwear Court Casual,B,36,9,0,6,-10.74,9
1006,PROD-165084,PROD-104432 SEG-500638 Junior Apparel Crop Pants Varied,Junior Apparel Crop Pants,C,9,3,0,0,-10.94,3
107,PROD-116359,PROD-122119 SEG-504482 Junior Apparel Cozy Trousers Zephyr,Junior Apparel Cozy Trousers,C,19,15,0,1,-11.049999999999999,15
1221,PROD-168058,PROD-168239 SEG-515942 Junior Apparel Crew Tees Varied,Junior Apparel Crew Tees,C,17,1,0,2,-11.2,1
1220,PROD-168057,PROD-168240 SEG-515942 Junior Apparel Crew Tees Varied,Junior Apparel Crew Tees,C,16,1,0,1,-11.2,1
899,PROD-161817,PROD-168177 SEG-515928 Junior Apparel Crew Tees Varied,Junior Apparel Crew Tees,C,15,8,0,0,-11.429999999999998,8
903,PROD-161829,PROD-168200 SEG-515933 Junior Apparel Crew Tees Varied,Junior Apparel Crew Tees,C,15,7,0,2,-11.45,7
1305,PROD-168777,PROD-168182 SEG-515929 Junior Apparel Crew Tees Varied,Junior Apparel Crew Tees,C,19,1,0,0,-11.5,1
1349,PROD-168836,PROD-170355 SEG-516328 Junior Apparel Crew Tees Varied,Junior Apparel Crew Tees,C,19,1,0,1,-11.5,1
1309,PROD-168782,PROD-168187 SEG-515930 Junior Apparel Crew Tees Varied,Junior Apparel Crew Tees,C,19,1,0,1,-11.5,1
1311,PROD-168784,PROD-168184 SEG-515930 Junior Apparel Crew Tees Varied,Junior Apparel Crew Tees,C,19,1,0,2,-11.5,1
1306,PROD-168778,PROD-168180 SEG-515929 Junior Apparel Crew Tees Varied,Junior Apparel Crew Tees,C,19,1,0,8,-11.5,1
2134,PROD-181890,PROD-152292 SEG-512268 Scholar Footwear Trailblazer Zephyr,Scholar Footwear Trailblazer,A,40,3,0,2,-11.690000000000001,3
206,PROD-136875,PROD-174417 SEG-517041 Junior Apparel Crop Pants Family Line,Junior Apparel Crop Pants,C,18,1,0,10,-11.9,1
2260,PROD-190414,PROD-137183 SEG-508412 Junior Apparel Crew Tees Varied,Junior Apparel Crew Tees,C,18,1,0,1,-12.0,1
985,PROD-164913,PROD-134157 SEG-507561 Junior Apparel Crew Tees Varied,Junior Apparel Crew Tees,C,11,1,0,3,-12.0,1
990,PROD-164925,PROD-121940 SEG-504430 Junior Apparel Crew Tees Varied,Junior Apparel Crew Tees,C,11,2,0,3,-12.0,2
707,PROD-158967,PROD-168074 SEG-515903 Junior Apparel Crop Pants Varied,Junior Apparel Crop Pants,C,7,1,0,0,-12.25,1
2133,PROD-181889,PROD-152293 SEG-512268 Scholar Footwear Trailblazer Zephyr,Scholar Footwear Trailblazer,A,40,7,0,1,-13.29,7
192,PROD-131805,PROD-174406 SEG-517040 Junior Apparel Cozy Trousers Family Line,Junior Apparel Cozy Trousers,C,16,1,0,4,-13.3,1
1609,PROD-170850,PROD-168302 SEG-515955 Junior Apparel Cozy Pullovers Varied,Junior Apparel Cozy Pullovers,C,17,1,0,5,-13.3,1
190,PROD-131803,PROD-174408 SEG-517040 Junior Apparel Cozy Trousers Family Line,Junior Apparel Cozy Trousers,B,19,2,2,7,-13.3,4
2210,PROD-184552,PROD-109153 SEG-501924 Junior Apparel Printed Tees Varied,Junior Apparel Printed Tees,C,19,2,0,0,-13.5,2
655,PROD-158032,PROD-134134 SEG-507556 Junior Apparel Printed Tees Varied,Junior Apparel Printed Tees,C,17,1,0,2,-13.5,1
983,PROD-163955,PROD-139563 SEG-508981 Junior Apparel Crew Tees Varied,Junior Apparel Crew Tees,C,11,1,0,2,-13.5,1
934,PROD-162197,PROD-170345 SEG-516326 Junior Apparel Crew Tees Varied,Junior Apparel Crew Tees,C,17,1,0,2,-13.65,1
931,PROD-162194,PROD-170349 SEG-516326 Junior Apparel Crew Tees Varied,Junior Apparel Crew Tees,C,13,1,0,1,-13.65,1
1320,PROD-168801,PROD-168325 SEG-515962 Junior Apparel Crew Tees Varied,Junior Apparel Crew Tees,C,19,1,0,3,-13.8,1
1007,PROD-165086,PROD-108155 SEG-501620 Junior Apparel Crop Pants Varied,Junior Apparel Crop Pants,C,8,1,0,2,-14.0,1
1010,PROD-165149,PROD-108136 SEG-501616 Junior Apparel Crop Pants Varied,Junior Apparel Crop Pants,C,15,1,0,3,-14.0,1
1627,PROD-170871,PROD-170316 SEG-516319 Junior Apparel Crew Tees Varied,Junior Apparel Crew Tees,C,19,2,0,1,-14.0,2
631,PROD-157416,PROD-104875 SEG-500746 Junior Apparel Printed Tees Varied,Junior Apparel Printed Tees,C,13,3,1,0,-14.0,4
1423,PROD-169356,PROD-168309 SEG-515957 Junior Apparel Gift Bundles Varied,Junior Apparel Gift Bundles,C,19,1,0,2,-14.0,1
1403,PROD-169319,PROD-170331 SEG-516323 Junior Apparel Gift Bundles Varied,Junior Apparel Gift Bundles,C,8,1,0,1,-14.0,1
1405,PROD-169321,PROD-170333 SEG-516323 Junior Apparel Gift Bundles Varied,Junior Apparel Gift Bundles,C,19,1,0,1,-14.0,1
2233,PROD-185773,PROD-129687 SEG-506454 Junior Apparel Crew Tees Varied,Junior Apparel Crew Tees,C,9,1,0,3,-14.05,1
371,PROD-146822,PROD-174392 SEG-517035 Junior Apparel Cozy Trousers Varied,Junior Apparel Cozy Trousers,C,18,1,1,0,-14.7,2
363,PROD-146810,PROD-174412 SEG-517039 Junior Apparel Cozy Pullovers Varied,Junior Apparel Cozy Pullovers,C,15,1,0,2,-14.7,1
1004,PROD-165082,PROD-104430 SEG-500638 Junior Apparel Crop Pants Varied,Junior Apparel Crop Pants,C,16,3,0,1,-15.09,3
754,PROD-159692,PROD-170078 SEG-516270 Junior Apparel Gift Bundles Varied,Junior Apparel Gift Bundles,C,16,1,0,3,-15.4,1
698,PROD-158934,PROD-168092 SEG-515908 Junior Apparel Cozy Trousers Varied,Junior Apparel Cozy Trousers,C,18,1,0,5,-15.4,1
700,PROD-158936,PROD-168094 SEG-515908 Junior Apparel Cozy Trousers Varied,Junior Apparel Cozy Trousers,C,19,2,1,4,-15.4,3
694,PROD-158916,PROD-168008 SEG-515887 Junior Apparel Cozy Pullovers Varied,Junior Apparel Cozy Pullovers,C,10,2,0,0,-15.4,2
756,PROD-159694,PROD-170080 SEG-516270 Junior Apparel Gift Bundles Varied,Junior Apparel Gift Bundles,C,16,1,0,1,-15.4,1
1621,PROD-170865,PROD-170310 SEG-516317 Junior Apparel Trousers Varied,Junior Apparel Trousers,C,19,2,0,1,-15.4,2
366,PROD-146813,PROD-174399 SEG-517037 Junior Apparel Cozy Trousers Varied,Junior Apparel Cozy Trousers,C,12,1,0,1,-15.4,1
751,PROD-159688,PROD-170081 SEG-516271 Junior Apparel Gift Bundles Varied,Junior Apparel Gift Bundles,C,15,1,0,1,-15.4,1
613,PROD-156897,PROD-104382 SEG-500626 Junior Apparel Denim Classics Varied,Junior Apparel Denim Classics,C,17,1,0,4,-15.5,1
609,PROD-156876,PROD-104384 SEG-500626 Junior Apparel Denim Classics Varied,Junior Apparel Denim Classics,C,9,1,0,2,-15.5,1
607,PROD-156874,PROD-104382 SEG-500626 Junior Apparel Denim Classics Varied,Junior Apparel Denim Classics,C,18,1,0,4,-15.5,1
615,PROD-156899,PROD-104384 SEG-500626 Junior Apparel Denim Classics Varied,Junior Apparel Denim Classics,C,14,1,0,0,-15.5,1
2127,PROD-181880,PROD-152306 SEG-512269 Scholar Footwear Trailblazer Zephyr,Scholar Footwear Trailblazer,A,40,7,0,0,-15.68,7
1354,PROD-168846,PROD-149334 SEG-511443 Femme Footwear Trailblazer Equilibrium,Femme Footwear Trailblazer,B,12,2,0,2,-15.739999999999998,2
73,PROD-105616,PROD-170763 SEG-516387 Junior Apparel Cozy Trousers Family Line,Junior Apparel Cozy Trousers,C,17,1,0,3,-15.75,1
1664,PROD-170979,PROD-122038 SEG-504465 Junior Apparel Cozy Trousers Varied,Junior Apparel Cozy Trousers,C,18,1,0,3,-15.75,1
736,PROD-159662,PROD-168026 SEG-515892 Junior Apparel Crop Pants Varied,Junior Apparel Crop Pants,C,18,1,0,1,-15.75,1
74,PROD-105617,PROD-170762 SEG-516387 Junior Apparel Cozy Trousers Family Line,Junior Apparel Cozy Trousers,C,15,1,0,5,-15.75,1
709,PROD-158970,PROD-168064 SEG-515901 Junior Apparel Crop Pants Varied,Junior Apparel Crop Pants,C,13,1,0,2,-15.75,1
916,PROD-161861,PROD-170262 SEG-516305 Junior Apparel Trousers Varied,Junior Apparel Trousers,C,13,1,0,3,-15.92,1
150,PROD-123510,PROD-171496 SEG-516514 Junior Apparel Crop Pants Zephyr,Junior Apparel Crop Pants,C,16,11,0,0,-16.49,11
1742,PROD-173365,PROD-104438 SEG-500640 Junior Apparel Denim Classics Varied,Junior Apparel Denim Classics,C,6,1,0,0,-16.5,1
1705,PROD-171051,PROD-168043 SEG-515896 Junior Apparel Cozy Pullovers Varied,Junior Apparel Cozy Pullovers,C,17,1,0,0,-16.5,1
556,PROD-154166,PROD-182255 SEG-518683 Femme Footwear Court Casual Trident,Femme Footwear Court Casual,B,23,20,0,1,-16.6,20
2282,PROD-190497,PROD-105047 SEG-500829 Junior Apparel Crew Tees Varied,Junior Apparel Crew Tees,C,9,1,0,0,-17.0,1
1660,PROD-170974,PROD-122031 SEG-504463 Junior Apparel Cozy Pullovers Varied,Junior Apparel Cozy Pullovers,C,18,1,0,1,-17.5,1
1748,PROD-173375,PROD-104449 SEG-500641 Junior Apparel Denim Classics Varied,Junior Apparel Denim Classics,C,11,1,0,1,-17.5,1
1711,PROD-171061,PROD-168045 SEG-515897 Junior Apparel Cozy Pullovers Varied,Junior Apparel Cozy Pullovers,C,17,1,0,0,-18.0,1
814,PROD-160712,PROD-188568 SEG-520369 Scholar Footwear Trailblazer Zephyr,Scholar Footwear Trailblazer,A,40,14,0,10,-18.14,14
735,PROD-159660,PROD-168013 SEG-515888 Junior Apparel Cozy Pullovers Varied,Junior Apparel Cozy Pullovers,C,18,1,0,2,-18.2,1
2232,PROD-185761,PROD-129675 SEG-506451 Junior Apparel Crew Tees Varied,Junior Apparel Crew Tees,C,9,4,0,0,-18.580000000000002,4
330,PROD-145639,PROD-175500 SEG-517252 Scholar Footwear Retro Legend Summit,Scholar Footwear Retro Legend,A,33,19,0,3,-18.61,19
148,PROD-123508,PROD-171498 SEG-516514 Junior Apparel Crop Pants Zephyr,Junior Apparel Crop Pants,C,19,14,0,0,-18.66,14
536,PROD-153822,PROD-122241 SEG-504508 Junior Apparel Trousers Varied,Junior Apparel Trousers,C,12,1,0,0,-18.8,1
535,PROD-153821,PROD-122242 SEG-504508 Junior Apparel Trousers Varied,Junior Apparel Trousers,C,14,1,0,2,-18.8,1
543,PROD-153841,PROD-134086 SEG-507546 Junior Apparel Trousers Varied,Junior Apparel Trousers,C,14,2,0,4,-18.8,2
124,PROD-120991,PROD-108071 SEG-501599 Junior Apparel Trousers Varied,Junior Apparel Trousers,C,13,1,0,2,-19.0,1
123,PROD-120990,PROD-108070 SEG-501599 Junior Apparel Trousers Varied,Junior Apparel Trousers,C,12,2,0,4,-19.0,2
748,PROD-159681,PROD-170086 SEG-516272 Junior Apparel Cozy Trousers Varied,Junior Apparel Cozy Trousers,C,19,1,0,3,-19.25,1
1697,PROD-171023,PROD-134048 SEG-507537 Junior Apparel Cozy Pullovers Varied,Junior Apparel Cozy Pullovers,C,18,1,0,1,-19.25,1
390,PROD-148171,PROD-108122 SEG-501614 Junior Apparel Denim Classics Varied,Junior Apparel Denim Classics,C,6,1,0,2,-19.5,1
638,PROD-157485,PROD-155891 SEG-513288 Junior Apparel Printed Tees Varied,Junior Apparel Printed Tees,C,19,2,1,2,-20.25,3
1239,PROD-168095,PROD-168227 SEG-515939 Junior Apparel Miscellany Varied,Junior Apparel Miscellany,C,18,1,0,2,-20.3,1
1341,PROD-168827,PROD-170252 SEG-516303 Junior Apparel Cozy Trousers Varied,Junior Apparel Cozy Trousers,C,19,1,0,2,-20.7,1
1286,PROD-168758,PROD-122108 SEG-504480 Junior Apparel Cozy Pullovers Varied,Junior Apparel Cozy Pullovers,C,19,1,0,5,-20.7,1
1336,PROD-168822,PROD-170242 SEG-516301 Junior Apparel Cozy Pullovers Varied,Junior Apparel Cozy Pullovers,C,19,1,0,1,-20.7,1
241,PROD-138996,PROD-122096 SEG-504478 Junior Apparel Cozy Pullovers Varied,Junior Apparel Cozy Pullovers,B,19,9,1,2,-20.74,10
243,PROD-138998,PROD-122100 SEG-504478 Junior Apparel Cozy Pullovers Varied,Junior Apparel Cozy Pullovers,C,18,2,0,4,-20.79,2
1356,PROD-168848,PROD-149336 SEG-511443 Femme Footwear Trailblazer Equilibrium,Femme Footwear Trailblazer,B,11,4,0,2,-20.810000000000002,4
646,PROD-157711,PROD-121888 SEG-504415 Junior Apparel Printed Tees Varied,Junior Apparel Printed Tees,C,16,2,2,2,-21.0,4
1242,PROD-168099,PROD-170264 SEG-516306 Junior Apparel Crew Tees Varied,Junior Apparel Crew Tees,C,15,2,0,2,-21.0,2
742,PROD-159674,PROD-170089 SEG-516273 Junior Apparel Cozy Pullovers Varied,Junior Apparel Cozy Pullovers,C,18,2,1,3,-21.0,3
730,PROD-159638,PROD-168016 SEG-515889 Junior Apparel Cozy Pullovers Varied,Junior Apparel Cozy Pullovers,C,18,1,0,1,-21.0,1
732,PROD-159640,PROD-168014 SEG-515889 Junior Apparel Cozy Pullovers Varied,Junior Apparel Cozy Pullovers,C,19,1,0,1,-21.0,1
740,PROD-159672,PROD-170091 SEG-516273 Junior Apparel Cozy Pullovers Varied,Junior Apparel Cozy Pullovers,C,18,1,1,0,-21.0,2
731,PROD-159639,PROD-168015 SEG-515889 Junior Apparel Cozy Pullovers Varied,Junior Apparel Cozy Pullovers,C,19,1,0,3,-21.0,1
630,PROD-157407,PROD-161461 SEG-514699 Junior Apparel Printed Tees Varied,Junior Apparel Printed Tees,C,14,1,0,5,-21.0,1
316,PROD-143379,PROD-179678 SEG-518086 Femme Footwear Court Casual Trident,Femme Footwear Court Casual,A,39,17,0,5,-21.189999999999998,17
237,PROD-138976,PROD-122134 SEG-504485 Junior Apparel Cozy Trousers Varied,Junior Apparel Cozy Trousers,C,19,5,0,3,-21.24,5
242,PROD-138997,PROD-122099 SEG-504478 Junior Apparel Cozy Pullovers Varied,Junior Apparel Cozy Pullovers,C,20,11,0,2,-21.38,11
925,PROD-162150,PROD-168224 SEG-515938 Junior Apparel Crew Tees Varied,Junior Apparel Crew Tees,C,16,6,0,0,-22.74,6
1679,PROD-171000,PROD-176780 SEG-517477 Junior Apparel Gift Bundles Varied,Junior Apparel Gift Bundles,C,19,2,0,2,-22.75,2
1678,PROD-170999,PROD-176779 SEG-517477 Junior Apparel Gift Bundles Varied,Junior Apparel Gift Bundles,C,19,2,0,1,-22.75,2
144,PROD-123477,PROD-171458 SEG-516505 Junior Apparel Cozy Trousers Zephyr,Junior Apparel Cozy Trousers,C,11,1,0,0,-22.75,1
376,PROD-146847,PROD-170766 SEG-516388 Junior Apparel Cozy Pullovers Varied,Junior Apparel Cozy Pullovers,C,15,1,0,3,-22.75,1
1308,PROD-168780,PROD-168178 SEG-515929 Junior Apparel Crew Tees Varied,Junior Apparel Crew Tees,C,19,1,0,7,-23.0,1
1307,PROD-168779,PROD-168179 SEG-515929 Junior Apparel Crew Tees Varied,Junior Apparel Crew Tees,C,19,1,0,4,-23.0,1
1310,PROD-168783,PROD-168185 SEG-515930 Junior Apparel Crew Tees Varied,Junior Apparel Crew Tees,C,19,1,0,1,-23.0,1
548,PROD-153852,PROD-134075 SEG-507544 Junior Apparel Miscellany Varied,Junior Apparel Miscellany,C,11,1,0,2,-23.5,1
537,PROD-153834,PROD-134084 SEG-507545 Junior Apparel Light Shells Varied,Junior Apparel Light Shells,C,14,1,0,0,-23.5,1
313,PROD-143376,PROD-179675 SEG-518086 Femme Footwear Court Casual Trident,Femme Footwear Court Casual,A,40,5,0,14,-23.63,5
205,PROD-136874,PROD-174416 SEG-517041 Junior Apparel Crop Pants Family Line,Junior Apparel Crop Pants,C,18,2,0,2,-23.8,2
1714,PROD-171084,PROD-168052 SEG-515898 Junior Apparel Crop Pants Varied,Junior Apparel Crop Pants,C,18,1,0,3,-24.0,1
486,PROD-152239,PROD-107891 SEG-501566 Scholar Footwear Trailblazer Equilibrium,Scholar Footwear Trailblazer,A,32,23,0,1,-24.169999999999998,23
295,PROD-141953,PROD-179800 SEG-518099 Scholar Footwear Court Casual Trident,Scholar Footwear Court Casual,A,39,21,1,6,-24.360000000000007,22
1092,PROD-165965,PROD-149195 SEG-511431 Scholar Footwear Trailblazer Equilibrium,Scholar Footwear Trailblazer,A,38,29,0,2,-24.67,29
713,PROD-159366,PROD-103392 SEG-500461 Scholar Footwear Canvas Styles Drifter,Scholar Footwear Canvas Styles,B,25,1,0,12,-24.75,1
317,PROD-143380,PROD-179679 SEG-518086 Femme Footwear Court Casual Trident,Femme Footwear Court Casual,A,40,5,0,7,-25.689999999999998,5
174,PROD-124601,PROD-100982 SEG-500125 Toddler Footwear Flight Classic Zephyr,Scholar Footwear Flight Classic,A,17,11,1,0,-25.810000000000006,12
532,PROD-153646,PROD-148972 SEG-511407 Toddler Footwear Trailblazer Varied,Scholar Footwear Trailblazer,B,24,9,0,4,-25.88,9
84,PROD-110043,PROD-189443 SEG-520531 Femme Footwear Boot Collection Plushfoot,Femme Footwear Boot Collection,A,18,10,0,1,-25.9,10
1612,PROD-170854,PROD-168306 SEG-515956 Junior Apparel Cozy Trousers Varied,Junior Apparel Cozy Trousers,C,15,2,0,2,-26.6,2
1611,PROD-170853,PROD-168305 SEG-515956 Junior Apparel Cozy Trousers Varied,Junior Apparel Cozy Trousers,C,16,2,0,3,-26.6,2
191,PROD-131804,PROD-174409 SEG-517040 Junior Apparel Cozy Trousers Family Line,Junior Apparel Cozy Trousers,B,19,2,1,5,-26.6,3
932,PROD-162195,PROD-170347 SEG-516326 Junior Apparel Crew Tees Varied,Junior Apparel Crew Tees,C,18,2,0,4,-27.3,2
1355,PROD-168847,PROD-149335 SEG-511443 Femme Footwear Trailblazer Equilibrium,Femme Footwear Trailblazer,B,11,4,0,2,-27.34,4
166,PROD-124440,PROD-154323 SEG-512711 Femme Footwear Trailblazer Zephyr,Femme Footwear Trailblazer,A,37,19,0,1,-27.46,19
1316,PROD-168796,PROD-168330 SEG-515963 Junior Apparel Crew Tees Varied,Junior Apparel Crew Tees,C,19,1,0,0,-27.6,1
1315,PROD-168795,PROD-168331 SEG-515963 Junior Apparel Crew Tees Varied,Junior Apparel Crew Tees,C,19,1,0,1,-27.6,1
1317,PROD-168797,PROD-168333 SEG-515963 Junior Apparel Crew Tees Varied,Junior Apparel Crew Tees,C,19,2,0,0,-27.6,2
1314,PROD-168794,PROD-168332 SEG-515963 Junior Apparel Crew Tees Varied,Junior Apparel Crew Tees,C,19,1,0,0,-27.6,1
2143,PROD-183447,PROD-114068 SEG-502516 Heritage Footwear Retro Legend Summit,Scholar Footwear Retro Legend,A,40,21,0,1,-27.980000000000008,21
1416,PROD-169349,PROD-168312 SEG-515958 Junior Apparel Gift Bundles Varied,Junior Apparel Gift Bundles,C,13,2,0,0,-28.0,2
1406,PROD-169322,PROD-170334 SEG-516323 Junior Apparel Gift Bundles Varied,Junior Apparel Gift Bundles,C,18,1,0,1,-28.0,1
738,PROD-159668,PROD-168024 SEG-515891 Junior Apparel Crop Pants Varied,Junior Apparel Crop Pants,C,17,2,0,2,-28.0,2
1413,PROD-169346,PROD-170329 SEG-516322 Junior Apparel Gift Bundles Varied,Junior Apparel Gift Bundles,C,19,1,0,3,-28.0,1
1158,PROD-166230,PROD-149558 SEG-511488 Junior Apparel Cozy Pullovers Varied,Junior Apparel Cozy Pullovers,C,15,3,0,1,-28.5,3
361,PROD-146808,PROD-174410 SEG-517039 Junior Apparel Cozy Pullovers Varied,Junior Apparel Cozy Pullovers,C,13,2,0,2,-29.4,2
312,PROD-143375,PROD-179674 SEG-518086 Femme Footwear Court Casual Trident,Femme Footwear Court Casual,A,40,10,0,5,-29.770000000000003,10
1708,PROD-171056,PROD-168038 SEG-515895 Junior Apparel Cozy Trousers Varied,Junior Apparel Cozy Trousers,C,14,2,0,1,-30.0,2
1579,PROD-170531,PROD-179961 SEG-518122 Scholar Footwear Trailblazer Varied,Scholar Footwear Trailblazer,B,40,7,0,4,-30.299999999999997,7
461,PROD-152138,PROD-162912 SEG-514991 Heritage Footwear Retro Legend Summit,Scholar Footwear Retro Legend,A,40,27,0,1,-30.62,27
755,PROD-159693,PROD-170079 SEG-516270 Junior Apparel Gift Bundles Varied,Junior Apparel Gift Bundles,C,15,2,0,1,-30.8,2
695,PROD-158917,PROD-168009 SEG-515887 Junior Apparel Cozy Pullovers Varied,Junior Apparel Cozy Pullovers,C,10,2,0,2,-30.8,2
1583,PROD-170535,PROD-179965 SEG-518122 Scholar Footwear Trailblazer Varied,Scholar Footwear Trailblazer,A,40,9,2,5,-31.350000000000005,11
1087,PROD-165960,PROD-149190 SEG-511431 Scholar Footwear Trailblazer Equilibrium,Scholar Footwear Trailblazer,A,33,23,0,0,-31.36,23
1091,PROD-165964,PROD-149194 SEG-511431 Scholar Footwear Trailblazer Equilibrium,Scholar Footwear Trailblazer,A,37,29,0,0,-31.82,29
388,PROD-147980,PROD-157750 SEG-513796 Junior Apparel Light Shells Varied,Junior Apparel Light Shells,C,6,2,0,0,-31.88,2
165,PROD-124439,PROD-154324 SEG-512711 Femme Footwear Trailblazer Zephyr,Femme Footwear Trailblazer,A,37,19,0,0,-32.41,19
1657,PROD-170968,PROD-168143 SEG-515921 Junior Apparel Crew Tees Varied,Junior Apparel Crew Tees,C,19,3,0,2,-33.599999999999994,3
315,PROD-143378,PROD-179677 SEG-518086 Femme Footwear Court Casual Trident,Femme Footwear Court Casual,A,40,14,0,10,-33.78,14
200,PROD-133053,PROD-167703 SEG-515800 Junior Apparel Crop Pants Zephyr,Junior Apparel Crop Pants,C,18,12,0,0,-34.019999999999996,12
904,PROD-161830,PROD-168199 SEG-515933 Junior Apparel Crew Tees Varied,Junior Apparel Crew Tees,C,19,7,0,1,-34.12,7
1312,PROD-168785,PROD-168183 SEG-515930 Junior Apparel Crew Tees Varied,Junior Apparel Crew Tees,C,19,2,0,1,-34.5,2
2317,PROD-193908,PROD-116111 SEG-502743 Scholar Footwear Trainer Zephyr,Scholar Footwear Trainer,A,40,20,0,3,-34.7,20
1410,PROD-169326,PROD-170323 SEG-516320 Junior Apparel Gift Bundles Varied,Junior Apparel Gift Bundles,C,19,3,0,4,-35.7,3
1400,PROD-169316,PROD-170324 SEG-516321 Junior Apparel Gift Bundles Varied,Junior Apparel Gift Bundles,C,9,2,0,1,-35.7,2
1409,PROD-169325,PROD-170322 SEG-516320 Junior Apparel Gift Bundles Varied,Junior Apparel Gift Bundles,C,18,2,0,0,-35.7,2
706,PROD-158966,PROD-168071 SEG-515903 Junior Apparel Crop Pants Varied,Junior Apparel Crop Pants,C,16,3,0,1,-36.75,3
1522,PROD-170102,PROD-152854 SEG-512398 Scholar Footwear Trailblazer Zephyr,Scholar Footwear Trailblazer,B,40,1,0,3,-37.95,1
1696,PROD-171022,PROD-134045 SEG-507537 Junior Apparel Cozy Pullovers Varied,Junior Apparel Cozy Pullovers,C,18,2,1,1,-38.5,3
1084,PROD-165957,PROD-102502 SEG-500344 Scholar Footwear Trailblazer Equilibrium,Scholar Footwear Trailblazer,A,38,27,0,0,-38.629999999999995,27
559,PROD-154290,PROD-169032 SEG-516072 Scholar Footwear Sandals Varied,Scholar Footwear Sandals,B,31,4,3,8,-40.0,7
982,PROD-163954,PROD-139564 SEG-508981 Junior Apparel Crew Tees Varied,Junior Apparel Crew Tees,C,12,1,0,5,-40.5,1
1238,PROD-168094,PROD-168228 SEG-515939 Junior Apparel Miscellany Varied,Junior Apparel Miscellany,C,19,2,0,3,-40.6,2
528,PROD-153622,PROD-148812 SEG-511388 Scholar Footwear Trailblazer Equilibrium,Scholar Footwear Trailblazer,A,28,12,1,2,-40.82,13
290,PROD-141935,PROD-122550 SEG-504595 Scholar Footwear Court Casual Trident,Scholar Footwear Court Casual,A,38,23,0,4,-41.2,23
1334,PROD-168820,PROD-170240 SEG-516301 Junior Apparel Cozy Pullovers Varied,Junior Apparel Cozy Pullovers,C,19,1,0,4,-41.4,1
240,PROD-138995,PROD-122097 SEG-504478 Junior Apparel Cozy Pullovers Varied,Junior Apparel Cozy Pullovers,B,20,4,0,6,-41.510000000000005,4
463,PROD-152140,PROD-162915 SEG-514991 Heritage Footwear Retro Legend Summit,Scholar Footwear Retro Legend,A,40,27,0,1,-42.25,27
591,PROD-156274,PROD-188067 SEG-520267 Femme Footwear Trailblazer Zephyr,Femme Footwear Trailblazer,B,26,22,0,0,-42.32,22
582,PROD-156256,PROD-176913 SEG-517496 Femme Footwear Trailblazer Zephyr,Femme Footwear Trailblazer,B,18,7,0,4,-42.54,7
583,PROD-156257,PROD-176914 SEG-517496 Femme Footwear Trailblazer Zephyr,Femme Footwear Trailblazer,B,18,10,0,1,-42.54,10
586,PROD-156264,PROD-188107 SEG-520271 Femme Footwear Trailblazer Zephyr,Femme Footwear Trailblazer,B,19,9,0,4,-42.550000000000004,9
1055,PROD-165923,PROD-148632 SEG-511367 Scholar Footwear Trailblazer Equilibrium,Scholar Footwear Trailblazer,A,40,6,0,12,-42.72,6
291,PROD-141936,PROD-122551 SEG-504595 Scholar Footwear Court Casual Trident,Scholar Footwear Court Casual,B,31,25,0,1,-43.0,25
294,PROD-141952,PROD-179799 SEG-518099 Scholar Footwear Court Casual Trident,Scholar Footwear Court Casual,A,39,15,0,7,-43.32999999999999,15
1563,PROD-170512,PROD-179935 SEG-518120 Scholar Footwear Trailblazer Swift Run,Scholar Footwear Trailblazer,A,40,2,1,7,-43.56,3
1564,PROD-170513,PROD-179877 SEG-518117 Scholar Footwear Trailblazer Swift Run,Scholar Footwear Trailblazer,A,40,1,0,7,-43.56,1
2067,PROD-180713,PROD-190644 SEG-520887 Femme Footwear Court Casual Trident,Femme Footwear Court Casual,B,39,11,0,0,-43.769999999999996,11
173,PROD-124600,PROD-100980 SEG-500125 Toddler Footwear Flight Classic Zephyr,Scholar Footwear Flight Classic,B,18,11,0,4,-44.32,11
2206,PROD-184463,PROD-179898 SEG-518118 Scholar Footwear Trailblazer Swift Run,Scholar Footwear Trailblazer,A,40,2,0,9,-44.45,2
2315,PROD-193906,PROD-116109 SEG-502743 Scholar Footwear Trainer Zephyr,Scholar Footwear Trainer,A,40,19,0,0,-44.47,19
759,PROD-159699,PROD-154003 SEG-512642 Scholar Footwear Trailblazer Zephyr,Scholar Footwear Trailblazer,A,37,27,0,3,-45.01,27
683,PROD-158682,PROD-188034 SEG-520264 Femme Footwear Trailblazer Zephyr,Femme Footwear Trailblazer,A,29,1,0,5,-45.04,1
682,PROD-158681,PROD-188033 SEG-520264 Femme Footwear Trailblazer Zephyr,Femme Footwear Trailblazer,A,27,1,0,2,-45.04,1
890,PROD-161782,PROD-188027 SEG-520261 Femme Footwear Trailblazer Zephyr,Femme Footwear Trailblazer,B,20,1,0,1,-45.04,1
725,PROD-159584,PROD-153459 SEG-512521 Scholar Footwear Court Casual Zephyr,Scholar Footwear Court Casual,A,37,1,0,18,-45.04,1
757,PROD-159695,PROD-153999 SEG-512642 Scholar Footwear Trailblazer Zephyr,Scholar Footwear Trailblazer,B,23,15,0,0,-45.080000000000005,15
775,PROD-159721,PROD-154010 SEG-512643 Scholar Footwear Trailblazer Zephyr,Scholar Footwear Trailblazer,A,40,24,0,3,-45.089999999999996,24
765,PROD-159707,PROD-153995 SEG-512641 Scholar Footwear Trailblazer Zephyr,Scholar Footwear Trailblazer,A,39,18,0,6,-45.089999999999996,18
375,PROD-146846,PROD-170767 SEG-516388 Junior Apparel Cozy Pullovers Varied,Junior Apparel Cozy Pullovers,C,17,2,0,2,-45.5,2
739,PROD-159671,PROD-168020 SEG-515890 Junior Apparel Gift Bundles Varied,Junior Apparel Gift Bundles,C,11,2,0,0,-45.5,2
926,PROD-162151,PROD-168223 SEG-515938 Junior Apparel Crew Tees Varied,Junior Apparel Crew Tees,C,16,12,0,1,-45.529999999999994,12
1503,PROD-170031,PROD-173620 SEG-516932 Newborn Footwear Court Casual Zephyr,Scholar Footwear Court Casual,B,40,1,0,2,-45.54,1
1910,PROD-176331,PROD-111478 SEG-502269 Scholar Footwear Flight Classic Zephyr,Scholar Footwear Flight Classic,B,40,1,0,1,-45.54,1
1042,PROD-165593,PROD-179713 SEG-518090 Femme Footwear Court Casual Trident,Femme Footwear Court Casual,A,40,1,0,8,-46.0,1
1766,PROD-173842,PROD-179481 SEG-518069 Femme Footwear Court Casual Trident,Femme Footwear Court Casual,B,40,3,0,1,-46.190000000000005,3
365,PROD-146812,PROD-174398 SEG-517037 Junior Apparel Cozy Trousers Varied,Junior Apparel Cozy Trousers,C,13,3,0,2,-46.2,3
546,PROD-153850,PROD-134077 SEG-507544 Junior Apparel Miscellany Varied,Junior Apparel Miscellany,C,15,1,0,1,-47.0,1
547,PROD-153851,PROD-134076 SEG-507544 Junior Apparel Miscellany Varied,Junior Apparel Miscellany,C,14,1,0,1,-47.0,1
320,PROD-143390,PROD-179411 SEG-518062 Femme Footwear Court Casual Trident,Femme Footwear Court Casual,B,18,13,0,2,-47.09,13
1005,PROD-165083,PROD-104431 SEG-500638 Junior Apparel Crop Pants Varied,Junior Apparel Crop Pants,C,15,2,0,3,-47.730000000000004,2
287,PROD-141932,PROD-122547 SEG-504595 Scholar Footwear Court Casual Trident,Scholar Footwear Court Casual,A,38,20,0,5,-47.97,20
1587,PROD-170557,PROD-116122 SEG-502744 Scholar Footwear Trainer Zephyr,Scholar Footwear Trainer,A,40,1,0,11,-48.07,1
2146,PROD-183450,PROD-114069 SEG-502516 Heritage Footwear Retro Legend Summit,Scholar Footwear Retro Legend,A,40,27,0,0,-48.83,27
462,PROD-152139,PROD-162917 SEG-514991 Heritage Footwear Retro Legend Summit,Scholar Footwear Retro Legend,A,40,28,0,1,-49.93,28
1142,PROD-166175,PROD-148948 SEG-511405 Femme Footwear Trailblazer Equilibrium,Femme Footwear Trailblazer,A,40,1,0,4,-50.05,1
323,PROD-144339,PROD-152445 SEG-512298 Scholar Footwear Court Casual Zephyr,Scholar Footwear Court Casual,A,28,1,0,3,-50.05,1
1129,PROD-166162,PROD-148935 SEG-511404 Femme Footwear Trailblazer Equilibrium,Femme Footwear Trailblazer,B,40,1,0,2,-50.05,1
1135,PROD-166168,PROD-148941 SEG-511404 Femme Footwear Trailblazer Equilibrium,Femme Footwear Trailblazer,A,40,2,0,11,-50.05,2
473,PROD-152174,PROD-108654 SEG-501730 Scholar Footwear Trailblazer Equilibrium,Scholar Footwear Trailblazer,B,8,1,0,1,-50.05,1
871,PROD-160884,PROD-162665 SEG-514978 Scholar Footwear Retro Legend Summit,Scholar Footwear Retro Legend,A,33,27,0,1,-50.36,27
993,PROD-165035,PROD-148319 SEG-511260 Junior Apparel Printed Tees Varied,Junior Apparel Printed Tees,C,15,4,0,3,-50.47,4
1907,PROD-176327,PROD-111684 SEG-502290 Scholar Footwear Flight Classic Zephyr,Scholar Footwear Flight Classic,A,40,1,0,1,-50.6,1
1492,PROD-170011,PROD-165943 SEG-515549 Scholar Footwear Flight Classic Zephyr,Scholar Footwear Flight Classic,A,40,1,0,13,-50.6,1
1048,PROD-165669,PROD-165576 SEG-515483 Femme Footwear Court Casual Trident,Femme Footwear Court Casual,B,27,1,0,4,-50.6,1
397,PROD-148677,PROD-132687 SEG-507285 Femme Footwear Trailblazer Stride Pro,Femme Footwear Trailblazer,B,8,1,1,0,-50.6,2
167,PROD-124592,PROD-100985 SEG-500125 Toddler Footwear Flight Classic Zephyr,Scholar Footwear Flight Classic,B,24,20,0,0,-51.09,20
488,PROD-152241,PROD-107893 SEG-501566 Scholar Footwear Trailblazer Equilibrium,Scholar Footwear Trailblazer,A,39,21,0,4,-51.6,21
1918,PROD-176341,PROD-152435 SEG-512297 Scholar Footwear Court Casual Zephyr,Scholar Footwear Court Casual,A,40,2,1,2,-51.61,3
6,PROD-100353,PROD-164489 SEG-515310 Femme Footwear Court Casual Zephyr,Femme Footwear Court Casual,A,40,18,0,1,-52.09,18
2121,PROD-181846,PROD-152526 SEG-512313 Scholar Footwear Court Casual Zephyr,Scholar Footwear Court Casual,A,40,8,0,0,-52.25,8
1190,PROD-167637,PROD-149324 SEG-511442 Scholar Footwear Trailblazer Equilibrium,Scholar Footwear Trailblazer,B,40,2,0,1,-52.32,2
576,PROD-154483,PROD-178944 SEG-518009 Femme Footwear Trailblazer Swift Run,Femme Footwear Trailblazer,B,15,5,0,3,-52.459999999999994,5
869,PROD-160882,PROD-162662 SEG-514978 Scholar Footwear Retro Legend Summit,Scholar Footwear Retro Legend,A,33,28,1,0,-53.80000000000001,29
264,PROD-139862,PROD-100444 SEG-500065 Scholar Footwear Trailblazer Equilibrium,Scholar Footwear Trailblazer,A,40,25,0,2,-54.0,25
815,PROD-160713,PROD-188567 SEG-520369 Scholar Footwear Trailblazer Zephyr,Scholar Footwear Trailblazer,A,40,17,0,10,-54.12,17
933,PROD-162196,PROD-170346 SEG-516326 Junior Apparel Crew Tees Varied,Junior Apparel Crew Tees,C,19,2,0,3,-54.6,2
432,PROD-151817,PROD-112345 SEG-502368 Scholar Footwear Modern Legend Summit,Scholar Footwear Modern Legend,B,28,19,0,0,-54.99,19
2006,PROD-179172,PROD-148918 SEG-511402 Femme Footwear Trailblazer Equilibrium,Femme Footwear Trailblazer,B,36,1,0,3,-55.0,1
2035,PROD-179230,PROD-149013 SEG-511410 Femme Footwear Trailblazer Equilibrium,Femme Footwear Trailblazer,A,32,1,0,3,-55.0,1
2019,PROD-179186,PROD-148913 SEG-511401 Femme Footwear Trailblazer Equilibrium,Femme Footwear Trailblazer,B,33,1,0,6,-55.0,1
430,PROD-151814,PROD-112344 SEG-502368 Scholar Footwear Modern Legend Summit,Scholar Footwear Modern Legend,B,30,18,0,1,-55.05,18
426,PROD-151807,PROD-166070 SEG-515566 Scholar Footwear Modern Legend Summit,Scholar Footwear Modern Legend,B,26,17,0,1,-55.150000000000006,17
2294,PROD-192556,PROD-100376 SEG-500060 Scholar Footwear Boot Collection Woodland,Scholar Footwear Boot Collection,A,24,1,0,5,-55.2,1
2295,PROD-192557,PROD-100377 SEG-500060 Scholar Footwear Boot Collection Woodland,Scholar Footwear Boot Collection,B,24,1,0,3,-55.2,1
2293,PROD-192552,PROD-100380 SEG-500060 Scholar Footwear Boot Collection Woodland,Scholar Footwear Boot Collection,B,16,3,0,3,-55.21,3
1211,PROD-167824,PROD-114518 SEG-502553 Scholar Footwear Modern Legend Summit,Scholar Footwear Modern Legend,A,32,1,0,4,-55.66,1
1391,PROD-169254,PROD-112729 SEG-502403 Scholar Footwear Modern Legend Summit,Scholar Footwear Modern Legend,A,40,1,0,9,-55.66,1
1394,PROD-169257,PROD-112786 SEG-502409 Heritage Footwear Modern Legend Summit,Scholar Footwear Modern Legend,A,40,1,0,1,-55.66,1
2297,PROD-192559,PROD-100379 SEG-500060 Scholar Footwear Boot Collection Woodland,Scholar Footwear Boot Collection,A,23,2,0,6,-56.39,2
912,PROD-161851,PROD-170340 SEG-516325 Junior Apparel Crew Tees Varied,Junior Apparel Crew Tees,C,16,10,0,1,-56.9,10
1025,PROD-165559,PROD-109754 SEG-502036 Femme Footwear Court Casual Trident,Femme Footwear Court Casual,B,40,1,0,1,-57.5,1
1124,PROD-166157,PROD-149167 SEG-511428 Femme Footwear Trailblazer Equilibrium,Femme Footwear Trailblazer,A,40,5,0,3,-57.52,5
661,PROD-158528,PROD-174039 SEG-516985 Femme Footwear Court Casual Zephyr,Femme Footwear Court Casual,B,40,5,0,4,-57.56,5
1440,PROD-169449,PROD-173857 SEG-516960 Femme Footwear Flight Classic Varied,Femme Footwear Flight Classic,B,40,3,0,1,-58.209999999999994,3
1439,PROD-169448,PROD-173856 SEG-516960 Femme Footwear Flight Classic Varied,Femme Footwear Flight Classic,B,40,8,0,2,-58.26,8
1441,PROD-169450,PROD-173858 SEG-516960 Femme Footwear Flight Classic Varied,Femme Footwear Flight Classic,B,40,7,0,2,-58.27,7
598,PROD-156686,PROD-103976 SEG-500562 Scholar Footwear Trailblazer Equilibrium,Scholar Footwear Trailblazer,B,27,19,0,2,-59.53000000000001,19
835,PROD-160817,PROD-166160 SEG-515580 Scholar Footwear Modern Legend Summit,Scholar Footwear Modern Legend,A,30,1,1,4,-60.06,2
832,PROD-160814,PROD-166159 SEG-515580 Scholar Footwear Modern Legend Summit,Scholar Footwear Modern Legend,A,10,1,0,2,-60.06,1
831,PROD-160812,PROD-166157 SEG-515580 Scholar Footwear Modern Legend Summit,Scholar Footwear Modern Legend,A,13,1,0,0,-60.06,1
448,PROD-152059,PROD-166081 SEG-515569 Scholar Footwear Modern Legend Summit,Scholar Footwear Modern Legend,B,37,1,1,2,-60.06,2
332,PROD-145730,PROD-118338 SEG-503295 Scholar Footwear Modern Legend Summit,Scholar Footwear Modern Legend,A,21,1,0,2,-60.06,1
101,PROD-115354,PROD-173691 SEG-516939 Femme Footwear Court Casual Zephyr,Femme Footwear Court Casual,A,40,1,0,0,-60.72,1
1819,PROD-175388,PROD-112414 SEG-502372 Scholar Footwear Modern Legend Summit,Scholar Footwear Modern Legend,A,40,1,0,1,-60.72,1
2308,PROD-193600,PROD-112670 SEG-502397 Scholar Footwear Modern Legend Summit,Scholar Footwear Modern Legend,A,40,1,0,0,-60.72,1
972,PROD-163830,PROD-180106 SEG-518151 Femme Footwear Trailblazer Swift Run,Femme Footwear Trailblazer,B,32,7,0,0,-60.77,7
812,PROD-160710,PROD-188566 SEG-520369 Scholar Footwear Trailblazer Zephyr,Scholar Footwear Trailblazer,A,40,25,0,0,-61.36000000000001,25
314,PROD-143377,PROD-179676 SEG-518086 Femme Footwear Court Casual Trident,Femme Footwear Court Casual,A,40,13,0,13,-61.699999999999996,13
502,PROD-152528,PROD-169464 SEG-516139 Femme Footwear Court Casual Zephyr,Femme Footwear Court Casual,B,31,23,0,0,-62.36000000000001,23
822,PROD-160766,PROD-137089 SEG-508389 Scholar Footwear Modern Legend Summit,Scholar Footwear Modern Legend,A,40,10,0,5,-62.47,10
446,PROD-152054,PROD-137083 SEG-508388 Scholar Footwear Modern Legend Summit,Scholar Footwear Modern Legend,A,32,28,0,0,-62.54,28
1992,PROD-179082,PROD-152229 SEG-512256 Scholar Footwear Trainer Zephyr,Scholar Footwear Trainer,A,15,3,2,5,-62.61999999999999,5
737,PROD-159663,PROD-168025 SEG-515892 Junior Apparel Crop Pants Varied,Junior Apparel Crop Pants,C,18,2,0,1,-63.0,2
977,PROD-163835,PROD-180111 SEG-518151 Femme Footwear Trailblazer Swift Run,Femme Footwear Trailblazer,B,32,9,0,0,-63.080000000000005,9
1057,PROD-165925,PROD-148634 SEG-511367 Scholar Footwear Trailblazer Equilibrium,Scholar Footwear Trailblazer,A,40,7,0,4,-63.13,7
1445,PROD-169459,PROD-174062 SEG-516988 Femme Footwear Court Casual Zephyr,Femme Footwear Court Casual,B,27,1,0,1,-63.25,1
2064,PROD-180710,PROD-190641 SEG-520887 Femme Footwear Court Casual Trident,Femme Footwear Court Casual,B,39,13,0,0,-63.540000000000006,13
336,PROD-145804,PROD-171408 SEG-516492 Scholar Footwear Modern Legend Summit,Scholar Footwear Modern Legend,A,33,21,0,1,-65.03999999999999,21
1874,PROD-175950,PROD-153465 SEG-512522 Femme Footwear Court Casual Zephyr,Femme Footwear Court Casual,C,40,1,0,0,-65.78,1
170,PROD-124596,PROD-100991 SEG-500125 Toddler Footwear Flight Classic Zephyr,Scholar Footwear Flight Classic,A,30,27,0,1,-65.94,27
329,PROD-145638,PROD-175498 SEG-517252 Scholar Footwear Retro Legend Summit,Scholar Footwear Retro Legend,A,22,16,0,0,-66.34,16
517,PROD-152576,PROD-152931 SEG-512412 Femme Footwear Flight Classic Varied,Femme Footwear Flight Classic,B,10,7,0,0,-67.47,7
414,PROD-151094,PROD-116275 SEG-502766 Femme Footwear Modern Legend Summit,Femme Footwear Modern Legend,B,10,4,0,3,-67.58,4
510,PROD-152547,PROD-128745 SEG-506280 Femme Footwear Court Casual Zephyr,Femme Footwear Court Casual,B,24,18,0,1,-67.64,18
516,PROD-152571,PROD-110408 SEG-502157 Femme Footwear Flight Classic Varied,Femme Footwear Flight Classic,B,20,12,0,1,-67.64,12
518,PROD-152577,PROD-152932 SEG-512412 Femme Footwear Flight Classic Varied,Femme Footwear Flight Classic,B,19,14,0,2,-67.72,14
562,PROD-154445,PROD-178987 SEG-518012 Femme Footwear Trailblazer Swift Run,Femme Footwear Trailblazer,A,11,7,0,1,-67.88000000000001,7
1485,PROD-169886,PROD-115568 SEG-502676 Femme Footwear Trailblazer Zephyr,Femme Footwear Trailblazer,A,40,1,0,3,-68.31,1
136,PROD-123289,PROD-102557 SEG-500349 Scholar Footwear Trailblazer Equilibrium,Scholar Footwear Trailblazer,A,40,31,0,3,-69.50999999999999,31
579,PROD-154492,PROD-178988 SEG-518013 Femme Footwear Trailblazer Swift Run,Femme Footwear Trailblazer,B,12,7,0,0,-70.28,7
1,PROD-100043,PROD-189472 SEG-520541 Femme Footwear Boot Collection Plushfoot,Femme Footwear Boot Collection,B,19,2,0,0,-70.49,2
3,PROD-100045,PROD-189474 SEG-520541 Femme Footwear Boot Collection Plushfoot,Femme Footwear Boot Collection,B,16,2,0,0,-70.51,2
1551,PROD-170369,PROD-111905 SEG-502319 Scholar Footwear Retro Legend Summit,Scholar Footwear Retro Legend,A,19,2,0,3,-70.84,2
1371,PROD-168866,PROD-148713 SEG-511377 Femme Footwear Trailblazer Equilibrium,Femme Footwear Trailblazer,A,22,14,0,3,-71.36,14
580,PROD-154496,PROD-178989 SEG-518013 Femme Footwear Trailblazer Swift Run,Femme Footwear Trailblazer,B,12,7,0,2,-71.69,7
599,PROD-156688,PROD-103978 SEG-500562 Scholar Footwear Trailblazer Equilibrium,Scholar Footwear Trailblazer,A,33,24,0,3,-71.71000000000001,24
328,PROD-145637,PROD-175499 SEG-517252 Scholar Footwear Retro Legend Summit,Scholar Footwear Retro Legend,A,30,22,0,0,-71.72,22
970,PROD-163821,PROD-180099 SEG-518150 Femme Footwear Trailblazer Swift Run,Femme Footwear Trailblazer,B,36,1,0,0,-72.0,1
1812,PROD-175354,PROD-113993 SEG-502511 Scholar Footwear Retro Legend Summit,Scholar Footwear Retro Legend,A,9,6,0,1,-73.11,6
149,PROD-123509,PROD-171497 SEG-516514 Junior Apparel Crop Pants Zephyr,Junior Apparel Crop Pants,C,17,15,0,0,-74.57,15
423,PROD-151551,PROD-162848 SEG-514987 Scholar Footwear Retro Legend Summit,Scholar Footwear Retro Legend,A,20,13,0,2,-75.0,13
421,PROD-151548,PROD-162849 SEG-514987 Scholar Footwear Retro Legend Summit,Scholar Footwear Retro Legend,A,12,7,0,1,-75.05,7
1532,PROD-170317,PROD-162880 SEG-514989 Scholar Footwear Retro Legend Summit,Scholar Footwear Retro Legend,A,17,1,1,1,-75.9,2
1530,PROD-170315,PROD-162877 SEG-514989 Scholar Footwear Retro Legend Summit,Scholar Footwear Retro Legend,A,17,1,1,2,-75.9,2
1529,PROD-170314,PROD-162879 SEG-514989 Scholar Footwear Retro Legend Summit,Scholar Footwear Retro Legend,B,14,1,0,1,-75.9,1
1527,PROD-170312,PROD-162876 SEG-514989 Scholar Footwear Retro Legend Summit,Scholar Footwear Retro Legend,A,17,2,0,4,-75.9,2
1377,PROD-168877,PROD-148701 SEG-511376 Femme Footwear Trailblazer Equilibrium,Femme Footwear Trailblazer,A,40,6,0,7,-77.52999999999999,6
2150,PROD-183462,PROD-114223 SEG-502529 Heritage Footwear Retro Legend Summit,Scholar Footwear Retro Legend,A,40,3,0,0,-78.43,3
347,PROD-145918,PROD-174372 SEG-517032 Femme Footwear Trailblazer Zephyr,Femme Footwear Trailblazer,C,21,1,0,0,-80.08,1
344,PROD-145915,PROD-174379 SEG-517032 Femme Footwear Trailblazer Zephyr,Femme Footwear Trailblazer,A,31,1,0,4,-80.08,1
352,PROD-146005,PROD-190066 SEG-520677 Femme Footwear Trailblazer Zephyr,Femme Footwear Trailblazer,B,13,1,1,1,-80.08,2
851,PROD-160850,PROD-163072 SEG-514999 Heritage Footwear Retro Legend Summit,Scholar Footwear Retro Legend,A,40,1,0,8,-80.08,1
668,PROD-158662,PROD-174351 SEG-517028 Femme Footwear Trailblazer Zephyr,Femme Footwear Trailblazer,B,39,1,0,1,-80.08,1
348,PROD-145919,PROD-174373 SEG-517032 Femme Footwear Trailblazer Zephyr,Femme Footwear Trailblazer,C,26,1,0,0,-80.08,1
1373,PROD-168868,PROD-148715 SEG-511377 Femme Footwear Trailblazer Equilibrium,Femme Footwear Trailblazer,B,21,13,0,0,-80.21,13
184,PROD-129493,PROD-102669 SEG-500366 Femme Footwear Trailblazer Zephyr,Femme Footwear Trailblazer,A,40,1,0,2,-80.96,1
1549,PROD-170334,PROD-114251 SEG-502530 Scholar Footwear Retro Legend Summit,Scholar Footwear Retro Legend,A,34,3,0,2,-80.96,3
2045,PROD-179241,PROD-148782 SEG-511385 Femme Footwear Trailblazer Equilibrium,Femme Footwear Trailblazer,A,35,1,0,2,-82.5,1
1994,PROD-179157,PROD-149253 SEG-511436 Femme Footwear Trailblazer Equilibrium,Femme Footwear Trailblazer,B,26,1,0,1,-82.5,1
1998,PROD-179162,PROD-149249 SEG-511436 Femme Footwear Trailblazer Equilibrium,Femme Footwear Trailblazer,B,18,1,0,0,-82.5,1
1792,PROD-175319,PROD-114255 SEG-502531 Scholar Footwear Retro Legend Summit,Scholar Footwear Retro Legend,A,40,3,0,1,-83.49,3
1794,PROD-175321,PROD-114257 SEG-502531 Scholar Footwear Retro Legend Summit,Scholar Footwear Retro Legend,A,40,5,1,1,-83.49,6
2054,PROD-179266,PROD-148789 SEG-511386 Femme Footwear Trailblazer Equilibrium,Femme Footwear Trailblazer,A,40,1,0,7,-85.25,1
2055,PROD-179267,PROD-148790 SEG-511386 Femme Footwear Trailblazer Equilibrium,Femme Footwear Trailblazer,A,40,1,0,9,-85.25,1
2051,PROD-179263,PROD-148786 SEG-511386 Femme Footwear Trailblazer Equilibrium,Femme Footwear Trailblazer,B,29,1,0,2,-85.25,1
578,PROD-154490,PROD-178998 SEG-518013 Femme Footwear Trailblazer Swift Run,Femme Footwear Trailblazer,B,13,9,0,0,-93.52,9
918,PROD-161864,PROD-101707 SEG-500224 Scholar Footwear Sandals Varied,Scholar Footwear Sandals,A,40,12,3,11,-94.99,15
872,PROD-160885,PROD-162663 SEG-514978 Scholar Footwear Retro Legend Summit,Scholar Footwear Retro Legend,A,34,26,0,0,-97.35,26
808,PROD-160696,PROD-173790 SEG-516951 Scholar Footwear Flight Classic Zephyr,Scholar Footwear Flight Classic,A,34,1,0,11,-100.1,1
465,PROD-152142,PROD-162918 SEG-514991 Heritage Footwear Retro Legend Summit,Scholar Footwear Retro Legend,A,40,25,0,0,-100.51,25
396,PROD-148676,PROD-132686 SEG-507285 Femme Footwear Trailblazer Stride Pro,Femme Footwear Trailblazer,B,8,3,1,0,-101.2,4
569,PROD-154468,PROD-178956 SEG-518010 Femme Footwear Trailblazer Swift Run,Femme Footwear Trailblazer,C,16,2,0,3,-108.35,2
894,PROD-161809,PROD-168194 SEG-515932 Junior Apparel Crew Tees Varied,Junior Apparel Crew Tees,C,17,2,0,2,-109.2,2
895,PROD-161810,PROD-168193 SEG-515932 Junior Apparel Crew Tees Varied,Junior Apparel Crew Tees,C,16,2,0,2,-109.2,2
2129,PROD-181882,PROD-152309 SEG-512269 Scholar Footwear Trailblazer Zephyr,Scholar Footwear Trailblazer,A,40,16,0,1,-109.33,16
2029,PROD-179221,PROD-149023 SEG-511411 Femme Footwear Trailblazer Equilibrium,Femme Footwear Trailblazer,A,35,2,0,8,-110.0,2
2009,PROD-179175,PROD-148921 SEG-511402 Femme Footwear Trailblazer Equilibrium,Femme Footwear Trailblazer,B,37,2,0,9,-110.0,2
2007,PROD-179173,PROD-148919 SEG-511402 Femme Footwear Trailblazer Equilibrium,Femme Footwear Trailblazer,B,36,2,0,6,-110.0,2
2217,PROD-184560,PROD-114116 SEG-502518 Femme Footwear Retro Legend Summit,Femme Footwear Retro Legend,A,40,2,0,0,-111.32,2
2214,PROD-184556,PROD-114110 SEG-502518 Femme Footwear Retro Legend Summit,Femme Footwear Retro Legend,A,40,4,0,0,-111.32,4
1526,PROD-170106,PROD-152857 SEG-512398 Scholar Footwear Trailblazer Zephyr,Scholar Footwear Trailblazer,A,40,2,0,9,-113.85000000000001,2
1274,PROD-168544,PROD-187359 SEG-520078 Femme Footwear Boot Collection Plushfoot,Femme Footwear Boot Collection,B,17,3,0,0,-117.49000000000001,3
103,PROD-115356,PROD-173682 SEG-516939 Femme Footwear Court Casual Zephyr,Femme Footwear Court Casual,B,40,2,0,2,-121.44,2
603,PROD-156695,PROD-104014 SEG-500567 Scholar Footwear Trailblazer Equilibrium,Scholar Footwear Trailblazer,A,29,17,0,6,-124.42,17
494,PROD-152432,PROD-171773 SEG-516576 Scholar Footwear Hardcourt Zephyr,Scholar Footwear Hardcourt,A,36,20,0,2,-124.58,20
2180,PROD-183549,PROD-138281 SEG-508703 Scholar Footwear Modern Legend Summit,Scholar Footwear Modern Legend,A,40,21,0,2,-128.2,21
1933,PROD-176441,PROD-178972 SEG-518011 Femme Footwear Trailblazer Varied,Femme Footwear Trailblazer,A,24,6,1,0,-134.16,7
514,PROD-152566,PROD-110403 SEG-502157 Femme Footwear Flight Classic Varied,Femme Footwear Flight Classic,B,22,19,0,0,-134.99,19
686,PROD-158685,PROD-188037 SEG-520264 Femme Footwear Trailblazer Zephyr,Femme Footwear Trailblazer,B,22,3,0,0,-135.12,3
1894,PROD-175987,PROD-166621 SEG-515649 Femme Footwear Trailblazer Zephyr,Femme Footwear Trailblazer,B,40,1,0,1,-136.62,1
4,PROD-100051,PROD-189481 SEG-520542 Femme Footwear Boot Collection Plushfoot,Femme Footwear Boot Collection,C,12,2,0,0,-141.01,2
20,PROD-100437,PROD-164667 SEG-515333 Scholar Footwear Court Casual Zephyr,Scholar Footwear Court Casual,A,40,24,1,12,-141.66,25
2145,PROD-183449,PROD-114071 SEG-502516 Heritage Footwear Retro Legend Summit,Scholar Footwear Retro Legend,A,40,22,2,0,-142.4,24
971,PROD-163822,PROD-180100 SEG-518150 Femme Footwear Trailblazer Swift Run,Femme Footwear Trailblazer,C,34,3,0,0,-144.82999999999998,3
870,PROD-160883,PROD-162660 SEG-514978 Scholar Footwear Retro Legend Summit,Scholar Footwear Retro Legend,A,31,24,0,0,-148.2,24
979,PROD-163860,PROD-180136 SEG-518154 Femme Footwear Trailblazer Swift Run,Femme Footwear Trailblazer,B,18,6,0,0,-149.49,6
862,PROD-160870,PROD-162737 SEG-514981 Heritage Footwear Retro Legend Summit,Scholar Footwear Retro Legend,A,24,3,1,1,-150.14,4
893,PROD-161808,PROD-168195 SEG-515932 Junior Apparel Crew Tees Varied,Junior Apparel Crew Tees,C,18,4,0,1,-150.15,4
422,PROD-151549,PROD-162851 SEG-514987 Scholar Footwear Retro Legend Summit,Scholar Footwear Retro Legend,A,13,9,0,1,-150.16000000000003,9
1533,PROD-170318,PROD-162884 SEG-514989 Scholar Footwear Retro Legend Summit,Scholar Footwear Retro Legend,A,17,2,1,0,-151.8,3
1486,PROD-169958,PROD-165935 SEG-515548 Scholar Footwear Flight Classic Zephyr,Scholar Footwear Flight Classic,A,40,2,0,9,-151.8,2
1047,PROD-165667,PROD-165574 SEG-515483 Femme Footwear Court Casual Trident,Femme Footwear Court Casual,C,26,2,0,0,-151.8,2
460,PROD-152137,PROD-162914 SEG-514991 Heritage Footwear Retro Legend Summit,Scholar Footwear Retro Legend,A,40,23,0,2,-152.57999999999998,23
1937,PROD-176445,PROD-178967 SEG-518011 Femme Footwear Trailblazer Varied,Femme Footwear Trailblazer,B,24,8,0,1,-152.60000000000002,8
642,PROD-157530,PROD-122576 SEG-504599 Femme Footwear Court Casual Trident,Femme Footwear Court Casual,B,15,5,0,0,-155.07999999999998,5
353,PROD-146006,PROD-190067 SEG-520677 Femme Footwear Trailblazer Zephyr,Femme Footwear Trailblazer,B,17,2,0,2,-160.16,2
666,PROD-158660,PROD-174353 SEG-517028 Femme Footwear Trailblazer Zephyr,Femme Footwear Trailblazer,A,40,2,0,8,-160.16,2
846,PROD-160844,PROD-137718 SEG-508583 Heritage Footwear Retro Legend Summit,Scholar Footwear Retro Legend,A,23,2,0,2,-160.16,2
843,PROD-160840,PROD-163119 SEG-515001 Scholar Footwear Retro Legend Summit,Scholar Footwear Retro Legend,A,25,20,0,0,-161.51,20
1545,PROD-170330,PROD-114248 SEG-502530 Scholar Footwear Retro Legend Summit,Scholar Footwear Retro Legend,A,34,3,0,2,-161.92,3
321,PROD-144316,PROD-156466 SEG-513436 Scholar Footwear Trailblazer Zephyr,Scholar Footwear Trailblazer,A,39,29,0,2,-164.86999999999998,29
2012,PROD-179178,PROD-148924 SEG-511402 Femme Footwear Trailblazer Equilibrium,Femme Footwear Trailblazer,A,40,2,0,7,-165.0,2
464,PROD-152141,PROD-162920 SEG-514991 Heritage Footwear Retro Legend Summit,Scholar Footwear Retro Legend,A,40,25,0,0,-168.14999999999998,25
659,PROD-158526,PROD-174037 SEG-516985 Femme Footwear Court Casual Zephyr,Femme Footwear Court Casual,A,40,26,0,5,-172.87,26
13,PROD-100360,PROD-164482 SEG-515310 Femme Footwear Court Casual Zephyr,Femme Footwear Court Casual,A,39,36,0,0,-175.62,36
874,PROD-160887,PROD-162666 SEG-514978 Scholar Footwear Retro Legend Summit,Scholar Footwear Retro Legend,A,33,27,0,0,-176.28,27
490,PROD-152406,PROD-152478 SEG-512303 Scholar Footwear Court Casual Zephyr,Scholar Footwear Court Casual,B,29,23,0,1,-179.73999999999998,23
522,PROD-152709,PROD-166589 SEG-515644 Femme Footwear Trailblazer Zephyr,Femme Footwear Trailblazer,B,40,20,0,0,-190.04,20
2008,PROD-179174,PROD-148920 SEG-511402 Femme Footwear Trailblazer Equilibrium,Femme Footwear Trailblazer,B,39,4,0,4,-220.0,4
2218,PROD-184561,PROD-114117 SEG-502518 Femme Footwear Retro Legend Summit,Femme Footwear Retro Legend,A,40,3,0,0,-222.64,3
2216,PROD-184558,PROD-114113 SEG-502518 Femme Footwear Retro Legend Summit,Femme Footwear Retro Legend,A,40,3,0,0,-222.64,3
1934,PROD-176442,PROD-178973 SEG-518011 Femme Footwear Trailblazer Varied,Femme Footwear Trailblazer,B,24,6,0,1,-251.51,6
917,PROD-161863,PROD-101706 SEG-500224 Scholar Footwear Sandals Varied,Scholar Footwear Sandals,A,40,15,2,7,-252.10000000000002,17
495,PROD-152433,PROD-171772 SEG-516576 Scholar Footwear Hardcourt Zephyr,Scholar Footwear Hardcourt,A,36,24,0,1,-277.84999999999997,24
339,PROD-145811,PROD-171342 SEG-516482 Toddler Footwear Modern Legend Summit,Scholar Footwear Modern Legend,A,35,24,1,1,-312.88,25
22,PROD-100439,PROD-164668 SEG-515333 Scholar Footwear Court Casual Zephyr,Scholar Footwear Court Casual,A,40,22,0,16,-324.62000000000006,22
2215,PROD-184557,PROD-114111 SEG-502518 Femme Footwear Retro Legend Summit,Femme Footwear Retro Legend,A,40,5,0,0,-333.96,5
21,PROD-100438,PROD-164666 SEG-515333 Scholar Footwear Court Casual Zephyr,Scholar Footwear Court Casual,A,40,26,1,10,-373.12,27
551,PROD-154122,PROD-179747 SEG-518093 Femme Footwear Court Casual Trident,Femme Footwear Court Casual,B,38,8,0,3,-376.0,8
919,PROD-161865,PROD-101708 SEG-500224 Scholar Footwear Sandals Varied,Scholar Footwear Sandals,A,40,17,6,4,-380.46,23
1935,PROD-176443,PROD-178974 SEG-518011 Femme Footwear Trailblazer Varied,Femme Footwear Trailblazer,B,24,8,0,0,-399.39,8
550,PROD-154121,PROD-179746 SEG-518093 Femme Footwear Court Casual Trident,Femme Footwear Court Casual,B,39,10,0,0,-470.0,10
552,PROD-154123,PROD-179748 SEG-518093 Femme Footwear Court Casual Trident,Femme Footwear Court Casual,B,40,11,0,1,-517.0,11
980,PROD-163861,PROD-180137 SEG-518154 Femme Footwear Trailblazer Swift Run,Femme Footwear Trailblazer,C,18,9,0,1,-599.32,9
